{"type": "FeatureCollection", "features": [{"type": "Feature", "geometry": {"type": "Point", "coordinates": [13.3992457, 52.5095695]}, "properties": {"id": "r0001", "name": "#HASHTAG Coffee Shop", "typ": "Café", "status": "besucht", "q": "unbewertet", "p": "normal", "notiz": "", "tags": "", "besucht_am": ""}}, {"type": "Feature", "geometry": {"type": "Point", "coordinates": [13.32016, 52.505226]}, "properties": {"id": "r0002", "name": "12 Apostel", "typ": "Pizza", "status": "besucht", "q": "unbewertet", "p": "normal", "notiz": "", "tags": "", "besucht_am": ""}}, {"type": "Feature", "geometry": {"type": "Point", "coordinates": [13.4074325, 52.5227376]}, "properties": {"id": "r0003", "name": "19grams Alex - Café, Kaffeerösterei & Event Location", "typ": "Frühstück", "status": "besucht", "q": "unbewertet", "p": "normal", "notiz": "", "tags": "", "besucht_am": ""}}, {"type": "Feature", "geometry": {"type": "Point", "coordinates": [13.4077675, 52.5376609]}, "properties": {"id": "r0004", "name": "26 Shibuya", "typ": "Sushi", "status": "besucht", "q": "unbewertet", "p": "normal", "notiz": "", "tags": "", "besucht_am": ""}}, {"type": "Feature", "geometry": {"type": "Point", "coordinates": [13.395445, 52.529064]}, "properties": {"id": "r0005", "name": "3 Minutes sur Mer", "typ": "Restaurant", "status": "besucht", "q": "unbewertet", "p": "normal", "notiz": "", "tags": "", "besucht_am": ""}}, {"type": "Feature", "geometry": {"type": "Point", "coordinates": [13.4244039, 52.5037853]}, "properties": {"id": "r0006", "name": "3 Schwestern", "typ": "Restaurant", "status": "besucht", "q": "unbewertet", "p": "normal", "notiz": "", "tags": "", "besucht_am": ""}}, {"type": "Feature", "geometry": {"type": "Point", "coordinates": [13.4282298, 52.5009564]}, "properties": {"id": "r0007", "name": "60 Hz", "typ": "Club/Livemusik", "status": "besucht", "q": "unbewertet", "p": "normal", "notiz": "", "tags": "", "besucht_am": ""}}, {"type": "Feature", "geometry": {"type": "Point", "coordinates": [13.3169731, 52.5058893]}, "properties": {"id": "r0008", "name": "893 Ryōtei Japanese Restaurant", "typ": "Sushi", "status": "besucht", "q": "top", "p": "teuer", "notiz": "", "tags": "", "besucht_am": ""}}, {"type": "Feature", "geometry": {"type": "Point", "coordinates": [13.4663169, 52.502559]}, "properties": {"id": "r0009", "name": "://about blank", "typ": "Club/Livemusik", "status": "besucht", "q": "unbewertet", "p": "normal", "notiz": "", "tags": "", "besucht_am": ""}}, {"type": "Feature", "geometry": {"type": "Point", "coordinates": [13.3198725, 52.5063461]}, "properties": {"id": "r0010", "name": "A Never Ever Ending Love Story", "typ": "Frühstück", "status": "besucht", "q": "top", "p": "normal", "notiz": "", "tags": "", "besucht_am": ""}}, {"type": "Feature", "geometry": {"type": "Point", "coordinates": [13.3201, 52.50737]}, "properties": {"id": "r0011", "name": "A-Trane", "typ": "Club/Livemusik", "status": "besucht", "q": "top", "p": "normal", "notiz": "", "tags": "", "besucht_am": ""}}, {"type": "Feature", "geometry": {"type": "Point", "coordinates": [13.391468, 52.5254913]}, "properties": {"id": "r0012", "name": "acht&dreissig", "typ": "Restaurant", "status": "besucht", "q": "unbewertet", "p": "normal", "notiz": "", "tags": "", "besucht_am": ""}}, {"type": "Feature", "geometry": {"type": "Point", "coordinates": [13.400302, 52.5305299]}, "properties": {"id": "r0013", "name": "Aiko", "typ": "Sushi", "status": "besucht", "q": "unbewertet", "p": "normal", "notiz": "", "tags": "", "besucht_am": ""}}, {"type": "Feature", "geometry": {"type": "Point", "coordinates": [13.4209741, 52.5417705]}, "properties": {"id": "r0014", "name": "Al Hamra", "typ": "Restaurant", "status": "besucht", "q": "unbewertet", "p": "normal", "notiz": "", "tags": "", "besucht_am": ""}}, {"type": "Feature", "geometry": {"type": "Point", "coordinates": [13.416808, 52.491416]}, "properties": {"id": "r0015", "name": "Albatross Bakery", "typ": "Café", "status": "besucht", "q": "unbewertet", "p": "normal", "notiz": "", "tags": "", "besucht_am": ""}}, {"type": "Feature", "geometry": {"type": "Point", "coordinates": [13.4609188, 52.5089124]}, "properties": {"id": "r0016", "name": "Aleppo Supper Club", "typ": "Restaurant", "status": "besucht", "q": "unbewertet", "p": "normal", "notiz": "", "tags": "", "besucht_am": ""}}, {"type": "Feature", "geometry": {"type": "Point", "coordinates": [13.432402, 52.531586]}, "properties": {"id": "r0017", "name": "Alt Wien, Gasthaus", "typ": "Restaurant", "status": "besucht", "q": "top", "p": "normal", "notiz": "", "tags": "", "besucht_am": ""}}, {"type": "Feature", "geometry": {"type": "Point", "coordinates": [13.4010694, 52.5267028]}, "properties": {"id": "r0018", "name": "Altes Europa", "typ": "Kneipe", "status": "besucht", "q": "unbewertet", "p": "normal", "notiz": "", "tags": "", "besucht_am": ""}}, {"type": "Feature", "geometry": {"type": "Point", "coordinates": [13.402684, 52.528145]}, "properties": {"id": "r0019", "name": "Amano", "typ": "Bar", "status": "besucht", "q": "unbewertet", "p": "ueberteuert", "notiz": "", "tags": "", "besucht_am": ""}}, {"type": "Feature", "geometry": {"type": "Point", "coordinates": [13.377066, 52.510657]}, "properties": {"id": "r0020", "name": "Amrit", "typ": "Asia", "status": "besucht", "q": "unbewertet", "p": "normal", "notiz": "", "tags": "", "besucht_am": ""}}, {"type": "Feature", "geometry": {"type": "Point", "coordinates": [13.3898183, 52.5259176]}, "properties": {"id": "r0021", "name": "Amrit", "typ": "Asia", "status": "besucht", "q": "unbewertet", "p": "normal", "notiz": "", "tags": "", "besucht_am": ""}}, {"type": "Feature", "geometry": {"type": "Point", "coordinates": [13.411581, 52.540131]}, "properties": {"id": "r0022", "name": "An einem Sonntag im August", "typ": "Frühstück", "status": "besucht", "q": "unbewertet", "p": "normal", "notiz": "", "tags": "", "besucht_am": ""}}, {"type": "Feature", "geometry": {"type": "Point", "coordinates": [13.4229877, 52.5005936]}, "properties": {"id": "r0023", "name": "Angry Chicken", "typ": "Asia", "status": "besucht", "q": "gut", "p": "guenstig", "notiz": "", "tags": "", "besucht_am": ""}}, {"type": "Feature", "geometry": {"type": "Point", "coordinates": [13.4093325, 52.523892]}, "properties": {"id": "r0024", "name": "Angry Chicken", "typ": "Imbiss", "status": "besucht", "q": "unbewertet", "p": "normal", "notiz": "", "tags": "", "besucht_am": ""}}, {"type": "Feature", "geometry": {"type": "Point", "coordinates": [13.420556, 52.495804]}, "properties": {"id": "r0025", "name": "Ankerklause", "typ": "Kneipe", "status": "besucht", "q": "unbewertet", "p": "normal", "notiz": "", "tags": "", "besucht_am": ""}}, {"type": "Feature", "geometry": {"type": "Point", "coordinates": [13.38863, 52.52767]}, "properties": {"id": "r0026", "name": "Anna Hirsch Bar", "typ": "Kneipe", "status": "besucht", "q": "unbewertet", "p": "normal", "notiz": "", "tags": "", "besucht_am": ""}}, {"type": "Feature", "geometry": {"type": "Point", "coordinates": [13.370368, 52.5278532]}, "properties": {"id": "r0027", "name": "APARTMENT Bar", "typ": "Bar", "status": "besucht", "q": "unbewertet", "p": "normal", "notiz": "", "tags": "", "besucht_am": ""}}, {"type": "Feature", "geometry": {"type": "Point", "coordinates": [13.396645, 52.531489]}, "properties": {"id": "r0028", "name": "ASMAN", "typ": "Restaurant", "status": "besucht", "q": "unbewertet", "p": "normal", "notiz": "", "tags": "", "besucht_am": ""}}, {"type": "Feature", "geometry": {"type": "Point", "coordinates": [13.406848, 52.52355]}, "properties": {"id": "r0029", "name": "Atame", "typ": "Restaurant", "status": "besucht", "q": "unbewertet", "p": "normal", "notiz": "", "tags": "", "besucht_am": ""}}, {"type": "Feature", "geometry": {"type": "Point", "coordinates": [13.415018, 52.541706]}, "properties": {"id": "r0030", "name": "August Fengler", "typ": "Kneipe", "status": "besucht", "q": "unbewertet", "p": "normal", "notiz": "", "tags": "", "besucht_am": ""}}, {"type": "Feature", "geometry": {"type": "Point", "coordinates": [13.4537728, 52.4978612]}, "properties": {"id": "r0031", "name": "Badeschiff", "typ": "Biergarten", "status": "besucht", "q": "top", "p": "normal", "notiz": "", "tags": "", "besucht_am": ""}}, {"type": "Feature", "geometry": {"type": "Point", "coordinates": [13.442213, 52.500705]}, "properties": {"id": "r0032", "name": "Bagdad", "typ": "Imbiss", "status": "besucht", "q": "unbewertet", "p": "normal", "notiz": "", "tags": "", "besucht_am": ""}}, {"type": "Feature", "geometry": {"type": "Point", "coordinates": [13.4609231, 52.5174245]}, "properties": {"id": "r0033", "name": "Bake and Take", "typ": "Café", "status": "besucht", "q": "top", "p": "normal", "notiz": "", "tags": "", "besucht_am": ""}}, {"type": "Feature", "geometry": {"type": "Point", "coordinates": [13.3887826, 52.5257798]}, "properties": {"id": "r0034", "name": "Bakery at Fotografiska Berlin", "typ": "Café", "status": "besucht", "q": "unbewertet", "p": "ueberteuert", "notiz": "", "tags": "", "besucht_am": ""}}, {"type": "Feature", "geometry": {"type": "Point", "coordinates": [13.4188471, 52.534845]}, "properties": {"id": "r0035", "name": "Bangkok Bites", "typ": "Asia", "status": "besucht", "q": "unbewertet", "p": "normal", "notiz": "", "tags": "", "besucht_am": ""}}, {"type": "Feature", "geometry": {"type": "Point", "coordinates": [13.4083159, 52.5269387]}, "properties": {"id": "r0036", "name": "Banh Mi Stable", "typ": "Asia", "status": "besucht", "q": "gut", "p": "guenstig", "notiz": "", "tags": "", "besucht_am": ""}}, {"type": "Feature", "geometry": {"type": "Point", "coordinates": [13.414779, 52.526917]}, "properties": {"id": "r0037", "name": "Bar 3", "typ": "Kneipe", "status": "besucht", "q": "top", "p": "normal", "notiz": "", "tags": "", "besucht_am": ""}}, {"type": "Feature", "geometry": {"type": "Point", "coordinates": [13.3907857, 52.5258336]}, "properties": {"id": "r0038", "name": "Bar Amélie", "typ": "Bar", "status": "besucht", "q": "top", "p": "teuer", "notiz": "", "tags": "", "besucht_am": ""}}, {"type": "Feature", "geometry": {"type": "Point", "coordinates": [13.4109944, 52.5261295]}, "properties": {"id": "r0039", "name": "BAR internazionale", "typ": "Restaurant", "status": "besucht", "q": "unbewertet", "p": "normal", "notiz": "", "tags": "", "besucht_am": ""}}, {"type": "Feature", "geometry": {"type": "Point", "coordinates": [13.4001221, 52.5312939]}, "properties": {"id": "r0040", "name": "Bar Milano", "typ": "Bar", "status": "besucht", "q": "top", "p": "normal", "notiz": "", "tags": "", "besucht_am": ""}}, {"type": "Feature", "geometry": {"type": "Point", "coordinates": [13.436448, 52.49816]}, "properties": {"id": "r0041", "name": "Bar Raval", "typ": "Restaurant", "status": "besucht", "q": "unbewertet", "p": "normal", "notiz": "", "tags": "", "besucht_am": ""}}, {"type": "Feature", "geometry": {"type": "Point", "coordinates": [13.329117, 52.505083]}, "properties": {"id": "r0042", "name": "Bar Zentral", "typ": "Bar", "status": "besucht", "q": "top", "p": "normal", "notiz": "", "tags": "", "besucht_am": ""}}, {"type": "Feature", "geometry": {"type": "Point", "coordinates": [13.386789, 52.489517]}, "properties": {"id": "r0043", "name": "BarbieBar", "typ": "Bar", "status": "besucht", "q": "unbewertet", "p": "normal", "notiz": "", "tags": "", "besucht_am": ""}}, {"type": "Feature", "geometry": {"type": "Point", "coordinates": [13.3934183, 52.4890338]}, "properties": {"id": "r0044", "name": "Barcomi’s Café & Kaffeerösterei", "typ": "Café", "status": "besucht", "q": "unbewertet", "p": "normal", "notiz": "", "tags": "", "besucht_am": ""}}, {"type": "Feature", "geometry": {"type": "Point", "coordinates": [13.416931, 52.545542]}, "properties": {"id": "r0045", "name": "Becketts Kopf", "typ": "Bar", "status": "besucht", "q": "unbewertet", "p": "ueberteuert", "notiz": "", "tags": "", "besucht_am": ""}}, {"type": "Feature", "geometry": {"type": "Point", "coordinates": [13.398543, 52.5266807]}, "properties": {"id": "r0046", "name": "Beets & Roots", "typ": "Restaurant", "status": "besucht", "q": "gut", "p": "guenstig", "notiz": "", "tags": "", "besucht_am": ""}}, {"type": "Feature", "geometry": {"type": "Point", "coordinates": [13.4226478, 52.5443172]}, "properties": {"id": "r0047", "name": "Bekarei - The Good Baking Company", "typ": "Restaurant", "status": "besucht", "q": "unbewertet", "p": "normal", "notiz": "", "tags": "", "besucht_am": ""}}, {"type": "Feature", "geometry": {"type": "Point", "coordinates": [13.4020091, 52.5250862]}, "properties": {"id": "r0048", "name": "BEN RAHIM", "typ": "Café", "status": "besucht", "q": "unbewertet", "p": "ueberteuert", "notiz": "", "tags": "", "besucht_am": ""}}, {"type": "Feature", "geometry": {"type": "Point", "coordinates": [13.323843, 52.4969116]}, "properties": {"id": "r0049", "name": "Benedict", "typ": "Frühstück", "status": "besucht", "q": "unbewertet", "p": "ueberteuert", "notiz": "", "tags": "", "besucht_am": ""}}, {"type": "Feature", "geometry": {"type": "Point", "coordinates": [13.4215108, 52.5416676]}, "properties": {"id": "r0050", "name": "BENEDICT", "typ": "Frühstück", "status": "besucht", "q": "unbewertet", "p": "ueberteuert", "notiz": "", "tags": "", "besucht_am": ""}}, {"type": "Feature", "geometry": {"type": "Point", "coordinates": [13.44293, 52.5110714]}, "properties": {"id": "r0051", "name": "Berghain | Panorama Bar | Säule", "typ": "Club/Livemusik", "status": "besucht", "q": "top", "p": "normal", "notiz": "", "tags": "", "besucht_am": ""}}, {"type": "Feature", "geometry": {"type": "Point", "coordinates": [13.4308417, 52.4864764]}, "properties": {"id": "r0052", "name": "Berlinburger International", "typ": "Burger", "status": "besucht", "q": "gut", "p": "guenstig", "notiz": "", "tags": "", "besucht_am": ""}}, {"type": "Feature", "geometry": {"type": "Point", "coordinates": [13.3252931, 52.5014854]}, "properties": {"id": "r0053", "name": "Berliner Kaffeerösterei Uhlandstraße", "typ": "Café", "status": "besucht", "q": "unbewertet", "p": "normal", "notiz": "", "tags": "", "besucht_am": ""}}, {"type": "Feature", "geometry": {"type": "Point", "coordinates": [13.38018, 52.50585]}, "properties": {"id": "r0054", "name": "Berta restaurant", "typ": "Restaurant", "status": "besucht", "q": "unbewertet", "p": "ueberteuert", "notiz": "", "tags": "", "besucht_am": ""}}, {"type": "Feature", "geometry": {"type": "Point", "coordinates": [13.36033, 52.54403]}, "properties": {"id": "r0055", "name": "BESTE Bar", "typ": "Kneipe", "status": "besucht", "q": "unbewertet", "p": "normal", "notiz": "", "tags": "", "besucht_am": ""}}, {"type": "Feature", "geometry": {"type": "Point", "coordinates": [13.4182714, 52.5349433]}, "properties": {"id": "r0056", "name": "Betty'n Caty", "typ": "Frühstück", "status": "besucht", "q": "unbewertet", "p": "normal", "notiz": "", "tags": "", "besucht_am": ""}}, {"type": "Feature", "geometry": {"type": "Point", "coordinates": [13.44248, 52.511363]}, "properties": {"id": "r0057", "name": "Bierhof Rüdersdorf", "typ": "Biergarten", "status": "besucht", "q": "unbewertet", "p": "normal", "notiz": "", "tags": "", "besucht_am": ""}}, {"type": "Feature", "geometry": {"type": "Point", "coordinates": [13.4024502, 52.5285627]}, "properties": {"id": "r0058", "name": "Birds in the Kitchen", "typ": "Imbiss", "status": "besucht", "q": "unbewertet", "p": "normal", "notiz": "", "tags": "", "besucht_am": ""}}, {"type": "Feature", "geometry": {"type": "Point", "coordinates": [13.4498057, 52.4976929]}, "properties": {"id": "r0059", "name": "Birgit & Bier", "typ": "Club/Livemusik", "status": "besucht", "q": "top", "p": "normal", "notiz": "", "tags": "", "besucht_am": ""}}, {"type": "Feature", "geometry": {"type": "Point", "coordinates": [13.3986089, 52.5326749]}, "properties": {"id": "r0060", "name": "Black Apron", "typ": "Café", "status": "besucht", "q": "unbewertet", "p": "normal", "notiz": "", "tags": "", "besucht_am": ""}}, {"type": "Feature", "geometry": {"type": "Point", "coordinates": [13.4182762, 52.5468824]}, "properties": {"id": "r0061", "name": "Blackbeards", "typ": "Restaurant", "status": "besucht", "q": "unbewertet", "p": "normal", "notiz": "", "tags": "", "besucht_am": ""}}, {"type": "Feature", "geometry": {"type": "Point", "coordinates": [13.3889679, 52.515111]}, "properties": {"id": "r0062", "name": "Bocca di Bacco", "typ": "Restaurant", "status": "besucht", "q": "unbewertet", "p": "ueberteuert", "notiz": "", "tags": "", "besucht_am": ""}}, {"type": "Feature", "geometry": {"type": "Point", "coordinates": [13.4240518, 52.4978363]}, "properties": {"id": "r0063", "name": "Bohnengold - Berlin", "typ": "Club/Livemusik", "status": "besucht", "q": "unbewertet", "p": "normal", "notiz": "", "tags": "", "besucht_am": ""}}, {"type": "Feature", "geometry": {"type": "Point", "coordinates": [13.390803, 52.5141026]}, "properties": {"id": "r0064", "name": "Bonanza Coffee", "typ": "Café", "status": "besucht", "q": "unbewertet", "p": "normal", "notiz": "", "tags": "", "besucht_am": ""}}, {"type": "Feature", "geometry": {"type": "Point", "coordinates": [13.399689, 52.52972]}, "properties": {"id": "r0065", "name": "BonBon Bar Berlin", "typ": "Bar", "status": "besucht", "q": "unbewertet", "p": "ueberteuert", "notiz": "", "tags": "", "besucht_am": ""}}, {"type": "Feature", "geometry": {"type": "Point", "coordinates": [13.29268, 52.50884]}, "properties": {"id": "r0066", "name": "Bootshaus Stella am Lietzensee", "typ": "Restaurant", "status": "besucht", "q": "unbewertet", "p": "normal", "notiz": "", "tags": "", "besucht_am": ""}}, {"type": "Feature", "geometry": {"type": "Point", "coordinates": [13.458829, 52.5127655]}, "properties": {"id": "r0067", "name": "booze bar berlin", "typ": "Bar", "status": "besucht", "q": "top", "p": "normal", "notiz": "", "tags": "", "besucht_am": ""}}, {"type": "Feature", "geometry": {"type": "Point", "coordinates": [13.390349, 52.514999]}, "properties": {"id": "r0068", "name": "Borchardt", "typ": "Restaurant", "status": "besucht", "q": "unbewertet", "p": "ueberteuert", "notiz": "", "tags": "", "besucht_am": ""}}, {"type": "Feature", "geometry": {"type": "Point", "coordinates": [13.4047703, 52.5298242]}, "properties": {"id": "r0069", "name": "BOTANICAL AFFAIRS", "typ": "Bar", "status": "besucht", "q": "top", "p": "normal", "notiz": "", "tags": "", "besucht_am": ""}}, {"type": "Feature", "geometry": {"type": "Point", "coordinates": [13.3958047, 52.5328614]}, "properties": {"id": "r0070", "name": "Brewdog Berlin Mitte", "typ": "Kneipe", "status": "besucht", "q": "top", "p": "normal", "notiz": "", "tags": "", "besucht_am": ""}}, {"type": "Feature", "geometry": {"type": "Point", "coordinates": [13.442612, 52.517457]}, "properties": {"id": "r0071", "name": "Briefmarken Weine", "typ": "Restaurant", "status": "besucht", "q": "unbewertet", "p": "normal", "notiz": "", "tags": "", "besucht_am": ""}}, {"type": "Feature", "geometry": {"type": "Point", "coordinates": [13.3736449, 52.5000503]}, "properties": {"id": "r0072", "name": "BRLO Brwhouse", "typ": "Kneipe", "status": "besucht", "q": "unbewertet", "p": "normal", "notiz": "", "tags": "", "besucht_am": ""}}, {"type": "Feature", "geometry": {"type": "Point", "coordinates": [13.413668, 52.511688]}, "properties": {"id": "r0073", "name": "Brooklyn Beef Club", "typ": "Steak/Grill", "status": "besucht", "q": "unbewertet", "p": "ueberteuert", "notiz": "", "tags": "", "besucht_am": ""}}, {"type": "Feature", "geometry": {"type": "Point", "coordinates": [13.322444, 52.507728]}, "properties": {"id": "r0074", "name": "Brunello", "typ": "Restaurant", "status": "besucht", "q": "unbewertet", "p": "normal", "notiz": "", "tags": "", "besucht_am": ""}}, {"type": "Feature", "geometry": {"type": "Point", "coordinates": [13.4224222, 52.5375945]}, "properties": {"id": "r0075", "name": "BRYK BAR", "typ": "Bar", "status": "besucht", "q": "unbewertet", "p": "normal", "notiz": "", "tags": "", "besucht_am": ""}}, {"type": "Feature", "geometry": {"type": "Point", "coordinates": [13.4210771, 52.5431409]}, "properties": {"id": "r0076", "name": "Bu Kon", "typ": "Asia", "status": "besucht", "q": "unbewertet", "p": "normal", "notiz": "", "tags": "", "besucht_am": ""}}, {"type": "Feature", "geometry": {"type": "Point", "coordinates": [13.3989457, 52.5321302]}, "properties": {"id": "r0077", "name": "Buck and Breck", "typ": "Bar", "status": "besucht", "q": "unbewertet", "p": "ueberteuert", "notiz": "", "tags": "", "besucht_am": ""}}, {"type": "Feature", "geometry": {"type": "Point", "coordinates": [13.459456, 52.510245]}, "properties": {"id": "r0078", "name": "BURGERAMT", "typ": "Burger", "status": "besucht", "q": "gut", "p": "guenstig", "notiz": "", "tags": "", "besucht_am": ""}}, {"type": "Feature", "geometry": {"type": "Point", "coordinates": [13.442523, 52.501099]}, "properties": {"id": "r0079", "name": "Burgermeister", "typ": "Burger", "status": "besucht", "q": "gut", "p": "guenstig", "notiz": "", "tags": "", "besucht_am": ""}}, {"type": "Feature", "geometry": {"type": "Point", "coordinates": [13.344623, 52.5108]}, "properties": {"id": "r0080", "name": "Cafe am neuen See", "typ": "Café", "status": "besucht", "q": "unbewertet", "p": "normal", "notiz": "", "tags": "", "besucht_am": ""}}, {"type": "Feature", "geometry": {"type": "Point", "coordinates": [13.387681, 52.5302921]}, "properties": {"id": "r0081", "name": "Cafe Buondi", "typ": "Frühstück", "status": "besucht", "q": "unbewertet", "p": "normal", "notiz": "", "tags": "", "besucht_am": ""}}, {"type": "Feature", "geometry": {"type": "Point", "coordinates": [13.4040458, 52.5257485]}, "properties": {"id": "r0082", "name": "Cafe Camaleon", "typ": "Frühstück", "status": "besucht", "q": "unbewertet", "p": "normal", "notiz": "", "tags": "", "besucht_am": ""}}, {"type": "Feature", "geometry": {"type": "Point", "coordinates": [13.402691, 52.524184]}, "properties": {"id": "r0083", "name": "Cafe Cinema", "typ": "Café", "status": "besucht", "q": "unbewertet", "p": "normal", "notiz": "", "tags": "", "besucht_am": ""}}, {"type": "Feature", "geometry": {"type": "Point", "coordinates": [13.4006891, 52.5373172]}, "properties": {"id": "r0084", "name": "Cafe Cup Arkona", "typ": "Eis", "status": "besucht", "q": "unbewertet", "p": "normal", "notiz": "", "tags": "", "besucht_am": ""}}, {"type": "Feature", "geometry": {"type": "Point", "coordinates": [13.402148, 52.531211]}, "properties": {"id": "r0085", "name": "Cafe Fleury", "typ": "Frühstück", "status": "besucht", "q": "top", "p": "normal", "notiz": "", "tags": "", "besucht_am": ""}}, {"type": "Feature", "geometry": {"type": "Point", "coordinates": [13.4185211, 52.5437321]}, "properties": {"id": "r0086", "name": "Cafe MokannTi", "typ": "Café", "status": "besucht", "q": "top", "p": "normal", "notiz": "", "tags": "", "besucht_am": ""}}, {"type": "Feature", "geometry": {"type": "Point", "coordinates": [13.40892, 52.57144]}, "properties": {"id": "r0087", "name": "Cafe Rosenrot", "typ": "Frühstück", "status": "besucht", "q": "unbewertet", "p": "normal", "notiz": "", "tags": "", "besucht_am": ""}}, {"type": "Feature", "geometry": {"type": "Point", "coordinates": [13.4153581, 52.5480312]}, "properties": {"id": "r0088", "name": "Caffè Monelli Berlin", "typ": "Café", "status": "besucht", "q": "unbewertet", "p": "normal", "notiz": "", "tags": "", "besucht_am": ""}}, {"type": "Feature", "geometry": {"type": "Point", "coordinates": [13.4186097, 52.5062365]}, "properties": {"id": "r0089", "name": "Café am Engelbecken", "typ": "Café", "status": "besucht", "q": "unbewertet", "p": "normal", "notiz": "", "tags": "", "besucht_am": ""}}, {"type": "Feature", "geometry": {"type": "Point", "coordinates": [13.3444925, 52.5103831]}, "properties": {"id": "r0090", "name": "Café am Neuen See", "typ": "Biergarten", "status": "besucht", "q": "unbewertet", "p": "normal", "notiz": "", "tags": "", "besucht_am": ""}}, {"type": "Feature", "geometry": {"type": "Point", "coordinates": [13.419546, 52.537966]}, "properties": {"id": "r0091", "name": "Café Anna Blume", "typ": "Frühstück", "status": "besucht", "q": "top", "p": "normal", "notiz": "", "tags": "", "besucht_am": ""}}, {"type": "Feature", "geometry": {"type": "Point", "coordinates": [13.355073, 52.486677]}, "properties": {"id": "r0092", "name": "Café BilderBuch", "typ": "Frühstück", "status": "besucht", "q": "top", "p": "normal", "notiz": "", "tags": "", "besucht_am": ""}}, {"type": "Feature", "geometry": {"type": "Point", "coordinates": [13.4604646, 52.516354]}, "properties": {"id": "r0093", "name": "Café Bonpland", "typ": "Café", "status": "besucht", "q": "top", "p": "normal", "notiz": "", "tags": "", "besucht_am": ""}}, {"type": "Feature", "geometry": {"type": "Point", "coordinates": [13.4206022, 52.5429127]}, "properties": {"id": "r0094", "name": "Café Boulangerie", "typ": "Café", "status": "besucht", "q": "unbewertet", "p": "normal", "notiz": "", "tags": "", "besucht_am": ""}}, {"type": "Feature", "geometry": {"type": "Point", "coordinates": [13.394972, 52.526754]}, "properties": {"id": "r0095", "name": "Café Bravo", "typ": "Frühstück", "status": "besucht", "q": "unbewertet", "p": "normal", "notiz": "", "tags": "", "besucht_am": ""}}, {"type": "Feature", "geometry": {"type": "Point", "coordinates": [13.41506, 52.54396]}, "properties": {"id": "r0096", "name": "Café BUTTER", "typ": "Café", "status": "besucht", "q": "unbewertet", "p": "normal", "notiz": "", "tags": "", "besucht_am": ""}}, {"type": "Feature", "geometry": {"type": "Point", "coordinates": [13.4026214, 52.524261]}, "properties": {"id": "r0097", "name": "Café Cinema", "typ": "Kneipe", "status": "besucht", "q": "unbewertet", "p": "normal", "notiz": "", "tags": "", "besucht_am": ""}}, {"type": "Feature", "geometry": {"type": "Point", "coordinates": [13.3417035, 52.4978438]}, "properties": {"id": "r0098", "name": "Café Komine", "typ": "Café", "status": "besucht", "q": "top", "p": "normal", "notiz": "", "tags": "", "besucht_am": ""}}, {"type": "Feature", "geometry": {"type": "Point", "coordinates": [13.406048, 52.539744]}, "properties": {"id": "r0099", "name": "Café KRONE", "typ": "Frühstück", "status": "besucht", "q": "top", "p": "normal", "notiz": "", "tags": "", "besucht_am": ""}}, {"type": "Feature", "geometry": {"type": "Point", "coordinates": [13.4208349, 52.542127]}, "properties": {"id": "r0100", "name": "Café Liebling", "typ": "Café", "status": "besucht", "q": "unbewertet", "p": "normal", "notiz": "", "tags": "", "besucht_am": ""}}, {"type": "Feature", "geometry": {"type": "Point", "coordinates": [13.4175572, 52.5469014]}, "properties": {"id": "r0101", "name": "Café Luc", "typ": "Café", "status": "besucht", "q": "top", "p": "normal", "notiz": "", "tags": "", "besucht_am": ""}}, {"type": "Feature", "geometry": {"type": "Point", "coordinates": [13.418303, 52.501734]}, "properties": {"id": "r0102", "name": "Café Luzia", "typ": "Kneipe", "status": "besucht", "q": "top", "p": "normal", "notiz": "", "tags": "", "besucht_am": ""}}, {"type": "Feature", "geometry": {"type": "Point", "coordinates": [13.3887101, 52.52725]}, "properties": {"id": "r0103", "name": "Café Marral", "typ": "Restaurant", "status": "besucht", "q": "top", "p": "normal", "notiz": "", "tags": "", "besucht_am": ""}}, {"type": "Feature", "geometry": {"type": "Point", "coordinates": [13.408792, 52.524303]}, "properties": {"id": "r0104", "name": "Café Oliv", "typ": "Café", "status": "besucht", "q": "unbewertet", "p": "normal", "notiz": "", "tags": "", "besucht_am": ""}}, {"type": "Feature", "geometry": {"type": "Point", "coordinates": [13.4002559, 52.5655496]}, "properties": {"id": "r0105", "name": "Café Paula", "typ": "Frühstück", "status": "besucht", "q": "top", "p": "normal", "notiz": "", "tags": "", "besucht_am": ""}}, {"type": "Feature", "geometry": {"type": "Point", "coordinates": [13.3922809, 52.5303634]}, "properties": {"id": "r0106", "name": "Café Schroeder", "typ": "Café", "status": "besucht", "q": "unbewertet", "p": "normal", "notiz": "", "tags": "", "besucht_am": ""}}, {"type": "Feature", "geometry": {"type": "Point", "coordinates": [13.409966, 52.539033]}, "properties": {"id": "r0107", "name": "Café Schwarzsauer", "typ": "Kneipe", "status": "besucht", "q": "unbewertet", "p": "normal", "notiz": "", "tags": "", "besucht_am": ""}}, {"type": "Feature", "geometry": {"type": "Point", "coordinates": [13.4116342, 52.5313228]}, "properties": {"id": "r0108", "name": "CAI Kitchen Berlin – Szechuan Vegan Bistro", "typ": "Asia", "status": "besucht", "q": "unbewertet", "p": "normal", "notiz": "", "tags": "", "besucht_am": ""}}, {"type": "Feature", "geometry": {"type": "Point", "coordinates": [13.3168666, 52.5039033]}, "properties": {"id": "r0109", "name": "CaliBocca", "typ": "Restaurant", "status": "besucht", "q": "top", "p": "normal", "notiz": "", "tags": "", "besucht_am": ""}}, {"type": "Feature", "geometry": {"type": "Point", "coordinates": [13.4020973, 52.5242082]}, "properties": {"id": "r0110", "name": "CANAL Artisanal Ice cream & pastry", "typ": "Café", "status": "besucht", "q": "top", "p": "normal", "notiz": "", "tags": "", "besucht_am": ""}}, {"type": "Feature", "geometry": {"type": "Point", "coordinates": [13.4063433, 52.5287841]}, "properties": {"id": "r0111", "name": "CANAL Artisanal ice cream & Pastry", "typ": "Café", "status": "besucht", "q": "top", "p": "normal", "notiz": "", "tags": "", "besucht_am": ""}}, {"type": "Feature", "geometry": {"type": "Point", "coordinates": [13.393529, 52.526665]}, "properties": {"id": "r0112", "name": "Cappuccino Grand Café - Mitte", "typ": "Frühstück", "status": "besucht", "q": "unbewertet", "p": "normal", "notiz": "", "tags": "", "besucht_am": ""}}, {"type": "Feature", "geometry": {"type": "Point", "coordinates": [13.4028222, 52.5246173]}, "properties": {"id": "r0113", "name": "Capvin", "typ": "Pizza", "status": "besucht", "q": "unbewertet", "p": "ueberteuert", "notiz": "", "tags": "", "besucht_am": ""}}, {"type": "Feature", "geometry": {"type": "Point", "coordinates": [13.401757, 52.5307411]}, "properties": {"id": "r0114", "name": "Capvin by Vincenzo Capuano", "typ": "Pizza", "status": "besucht", "q": "unbewertet", "p": "ueberteuert", "notiz": "", "tags": "", "besucht_am": ""}}, {"type": "Feature", "geometry": {"type": "Point", "coordinates": [13.39293, 52.50766]}, "properties": {"id": "r0115", "name": "Caramel", "typ": "Restaurant", "status": "besucht", "q": "top", "p": "normal", "notiz": "", "tags": "", "besucht_am": ""}}, {"type": "Feature", "geometry": {"type": "Point", "coordinates": [13.4547007, 52.5071578]}, "properties": {"id": "r0116", "name": "Cassiopeia", "typ": "Club/Livemusik", "status": "besucht", "q": "unbewertet", "p": "normal", "notiz": "", "tags": "", "besucht_am": ""}}, {"type": "Feature", "geometry": {"type": "Point", "coordinates": [13.4094774, 52.538019]}, "properties": {"id": "r0117", "name": "Cat Tuong", "typ": "Asia", "status": "besucht", "q": "top", "p": "normal", "notiz": "", "tags": "", "besucht_am": ""}}, {"type": "Feature", "geometry": {"type": "Point", "coordinates": [13.4154045, 52.5275319]}, "properties": {"id": "r0118", "name": "Cecconi's", "typ": "Restaurant", "status": "besucht", "q": "unbewertet", "p": "ueberteuert", "notiz": "", "tags": "", "besucht_am": ""}}, {"type": "Feature", "geometry": {"type": "Point", "coordinates": [13.4229019, 52.5412523]}, "properties": {"id": "r0119", "name": "chanchanchan", "typ": "Asia", "status": "besucht", "q": "unbewertet", "p": "normal", "notiz": "", "tags": "", "besucht_am": ""}}, {"type": "Feature", "geometry": {"type": "Point", "coordinates": [13.4141792, 52.5474499]}, "properties": {"id": "r0120", "name": "CHAY UMI VEGAN", "typ": "Asia", "status": "besucht", "q": "unbewertet", "p": "normal", "notiz": "", "tags": "", "besucht_am": ""}}, {"type": "Feature", "geometry": {"type": "Point", "coordinates": [13.4583333, 52.5136111]}, "properties": {"id": "r0121", "name": "Chay Village", "typ": "Asia", "status": "besucht", "q": "unbewertet", "p": "normal", "notiz": "", "tags": "", "besucht_am": ""}}, {"type": "Feature", "geometry": {"type": "Point", "coordinates": [13.435104, 52.532533]}, "properties": {"id": "r0122", "name": "Chez Maurice", "typ": "Restaurant", "status": "besucht", "q": "unbewertet", "p": "ueberteuert", "notiz": "", "tags": "", "besucht_am": ""}}, {"type": "Feature", "geometry": {"type": "Point", "coordinates": [13.4020658, 52.5291213]}, "properties": {"id": "r0123", "name": "ChickenBuzz", "typ": "Restaurant", "status": "besucht", "q": "unbewertet", "p": "normal", "notiz": "", "tags": "", "besucht_am": ""}}, {"type": "Feature", "geometry": {"type": "Point", "coordinates": [13.4008859, 52.5283062]}, "properties": {"id": "r0124", "name": "Chipperfield Kantine", "typ": "Restaurant", "status": "besucht", "q": "unbewertet", "p": "normal", "notiz": "", "tags": "", "besucht_am": ""}}, {"type": "Feature", "geometry": {"type": "Point", "coordinates": [13.3943483, 52.5124985]}, "properties": {"id": "r0125", "name": "Chupenga Burritos & Salads", "typ": "Imbiss", "status": "besucht", "q": "gut", "p": "guenstig", "notiz": "", "tags": "", "besucht_am": ""}}, {"type": "Feature", "geometry": {"type": "Point", "coordinates": [13.392965, 52.506432]}, "properties": {"id": "r0126", "name": "Chupenga Burritos & Salads", "typ": "Imbiss", "status": "besucht", "q": "gut", "p": "guenstig", "notiz": "", "tags": "", "besucht_am": ""}}, {"type": "Feature", "geometry": {"type": "Point", "coordinates": [13.443069, 52.504205]}, "properties": {"id": "r0127", "name": "Chupenga Burritos & Salads", "typ": "Imbiss", "status": "besucht", "q": "gut", "p": "guenstig", "notiz": "", "tags": "", "besucht_am": ""}}, {"type": "Feature", "geometry": {"type": "Point", "coordinates": [13.4023847, 52.52739]}, "properties": {"id": "r0128", "name": "Chén Chè", "typ": "Asia", "status": "besucht", "q": "unbewertet", "p": "normal", "notiz": "", "tags": "", "besucht_am": ""}}, {"type": "Feature", "geometry": {"type": "Point", "coordinates": [13.3041392, 52.5130517]}, "properties": {"id": "r0129", "name": "Clara Vere", "typ": "Restaurant", "status": "besucht", "q": "unbewertet", "p": "normal", "notiz": "", "tags": "", "besucht_am": ""}}, {"type": "Feature", "geometry": {"type": "Point", "coordinates": [13.388514, 52.491894]}, "properties": {"id": "r0130", "name": "Clash", "typ": "Kneipe", "status": "besucht", "q": "unbewertet", "p": "normal", "notiz": "", "tags": "", "besucht_am": ""}}, {"type": "Feature", "geometry": {"type": "Point", "coordinates": [13.450465, 52.496777]}, "properties": {"id": "r0131", "name": "Club der Visionäre", "typ": "Club/Livemusik", "status": "besucht", "q": "unbewertet", "p": "normal", "notiz": "", "tags": "", "besucht_am": ""}}, {"type": "Feature", "geometry": {"type": "Point", "coordinates": [13.4017285, 52.5323355]}, "properties": {"id": "r0132", "name": "Coccodrillo", "typ": "Restaurant", "status": "besucht", "q": "unbewertet", "p": "ueberteuert", "notiz": "", "tags": "", "besucht_am": ""}}, {"type": "Feature", "geometry": {"type": "Point", "coordinates": [13.3992772, 52.5271711]}, "properties": {"id": "r0133", "name": "Cocolo Ramen Mitte", "typ": "Asia", "status": "besucht", "q": "top", "p": "normal", "notiz": "", "tags": "", "besucht_am": ""}}, {"type": "Feature", "geometry": {"type": "Point", "coordinates": [13.427357, 52.489976]}, "properties": {"id": "r0134", "name": "CODA Dessert Bar", "typ": "Restaurant", "status": "besucht", "q": "unbewertet", "p": "ueberteuert", "notiz": "", "tags": "", "besucht_am": ""}}, {"type": "Feature", "geometry": {"type": "Point", "coordinates": [13.3492114, 52.5241691]}, "properties": {"id": "r0135", "name": "Coffeemamas Shop", "typ": "Café", "status": "besucht", "q": "unbewertet", "p": "normal", "notiz": "", "tags": "", "besucht_am": ""}}, {"type": "Feature", "geometry": {"type": "Point", "coordinates": [13.454751, 52.507699]}, "properties": {"id": "r0136", "name": "Crack Bellmer Bar", "typ": "Club/Livemusik", "status": "besucht", "q": "unbewertet", "p": "normal", "notiz": "", "tags": "", "besucht_am": ""}}, {"type": "Feature", "geometry": {"type": "Point", "coordinates": [13.3887471, 52.5164823]}, "properties": {"id": "r0137", "name": "Crackers", "typ": "Restaurant", "status": "besucht", "q": "top", "p": "teuer", "notiz": "", "tags": "", "besucht_am": ""}}, {"type": "Feature", "geometry": {"type": "Point", "coordinates": [13.3992844, 52.524181]}, "properties": {"id": "r0138", "name": "Creasian Restaurant", "typ": "Asia", "status": "besucht", "q": "unbewertet", "p": "normal", "notiz": "", "tags": "", "besucht_am": ""}}, {"type": "Feature", "geometry": {"type": "Point", "coordinates": [13.4085104, 52.5266183]}, "properties": {"id": "r0139", "name": "Cuore Di Vetro", "typ": "Eis", "status": "besucht", "q": "top", "p": "normal", "notiz": "", "tags": "", "besucht_am": ""}}, {"type": "Feature", "geometry": {"type": "Point", "coordinates": [13.457807, 52.51079]}, "properties": {"id": "r0140", "name": "Cupcake", "typ": "Café", "status": "besucht", "q": "top", "p": "normal", "notiz": "", "tags": "", "besucht_am": ""}}, {"type": "Feature", "geometry": {"type": "Point", "coordinates": [13.387723, 52.49345]}, "properties": {"id": "r0141", "name": "Curry 36", "typ": "Imbiss", "status": "besucht", "q": "gut", "p": "guenstig", "notiz": "", "tags": "", "besucht_am": ""}}, {"type": "Feature", "geometry": {"type": "Point", "coordinates": [13.4010458, 52.5294318]}, "properties": {"id": "r0142", "name": "Curry Mitte", "typ": "Imbiss", "status": "besucht", "q": "unbewertet", "p": "normal", "notiz": "", "tags": "", "besucht_am": ""}}, {"type": "Feature", "geometry": {"type": "Point", "coordinates": [13.401452, 52.529172]}, "properties": {"id": "r0143", "name": "Cô Cô - Bánh mì deli", "typ": "Asia", "status": "besucht", "q": "gut", "p": "guenstig", "notiz": "", "tags": "", "besucht_am": ""}}, {"type": "Feature", "geometry": {"type": "Point", "coordinates": [13.456957, 52.511083]}, "properties": {"id": "r0144", "name": "Dachkammer", "typ": "Kneipe", "status": "besucht", "q": "unbewertet", "p": "normal", "notiz": "", "tags": "", "besucht_am": ""}}, {"type": "Feature", "geometry": {"type": "Point", "coordinates": [13.3881916, 52.5264427]}, "properties": {"id": "r0145", "name": "Dada Falafel", "typ": "Restaurant", "status": "besucht", "q": "unbewertet", "p": "normal", "notiz": "", "tags": "", "besucht_am": ""}}, {"type": "Feature", "geometry": {"type": "Point", "coordinates": [13.4168716, 52.5436073]}, "properties": {"id": "r0146", "name": "Dade Falafel", "typ": "Imbiss", "status": "besucht", "q": "unbewertet", "p": "normal", "notiz": "", "tags": "", "besucht_am": ""}}, {"type": "Feature", "geometry": {"type": "Point", "coordinates": [13.4048224, 52.5276172]}, "properties": {"id": "r0147", "name": "Dal Contadino Wine Bar", "typ": "Restaurant", "status": "besucht", "q": "top", "p": "normal", "notiz": "", "tags": "", "besucht_am": ""}}, {"type": "Feature", "geometry": {"type": "Point", "coordinates": [13.3150963, 52.5060468]}, "properties": {"id": "r0148", "name": "DAO Thai-Restaurant", "typ": "Asia", "status": "besucht", "q": "unbewertet", "p": "normal", "notiz": "", "tags": "", "besucht_am": ""}}, {"type": "Feature", "geometry": {"type": "Point", "coordinates": [13.3836803, 52.5305625]}, "properties": {"id": "r0149", "name": "DASHI", "typ": "Restaurant", "status": "besucht", "q": "top", "p": "normal", "notiz": "", "tags": "", "besucht_am": ""}}, {"type": "Feature", "geometry": {"type": "Point", "coordinates": [13.416629, 52.549337]}, "properties": {"id": "r0150", "name": "Deck5", "typ": "Biergarten", "status": "besucht", "q": "unbewertet", "p": "normal", "notiz": "", "tags": "", "besucht_am": ""}}, {"type": "Feature", "geometry": {"type": "Point", "coordinates": [13.421408, 52.539074]}, "properties": {"id": "r0151", "name": "Delizie D'Italia", "typ": "Restaurant", "status": "besucht", "q": "top", "p": "normal", "notiz": "", "tags": "", "besucht_am": ""}}, {"type": "Feature", "geometry": {"type": "Point", "coordinates": [13.4162625, 52.5358917]}, "properties": {"id": "r0152", "name": "Der blaue Fuchs", "typ": "Restaurant", "status": "besucht", "q": "unbewertet", "p": "normal", "notiz": "", "tags": "", "besucht_am": ""}}, {"type": "Feature", "geometry": {"type": "Point", "coordinates": [13.4303999, 52.5023513]}, "properties": {"id": "r0153", "name": "Der goldene Hahn", "typ": "Restaurant", "status": "besucht", "q": "top", "p": "normal", "notiz": "", "tags": "", "besucht_am": ""}}, {"type": "Feature", "geometry": {"type": "Point", "coordinates": [13.4043868, 52.5340085]}, "properties": {"id": "r0154", "name": "Der Hahn ist tot!", "typ": "Restaurant", "status": "besucht", "q": "unbewertet", "p": "normal", "notiz": "", "tags": "", "besucht_am": ""}}, {"type": "Feature", "geometry": {"type": "Point", "coordinates": [13.3871325, 52.4903466]}, "properties": {"id": "r0155", "name": "Destille Kreuzberg", "typ": "Kneipe", "status": "besucht", "q": "top", "p": "normal", "notiz": "", "tags": "", "besucht_am": ""}}, {"type": "Feature", "geometry": {"type": "Point", "coordinates": [13.323588, 52.506457]}, "properties": {"id": "r0156", "name": "Dicke Wirtin", "typ": "Kneipe", "status": "besucht", "q": "top", "p": "normal", "notiz": "", "tags": "", "besucht_am": ""}}, {"type": "Feature", "geometry": {"type": "Point", "coordinates": [13.4152146, 52.5477334]}, "properties": {"id": "r0157", "name": "Die Bar", "typ": "Bar", "status": "besucht", "q": "unbewertet", "p": "normal", "notiz": "", "tags": "", "besucht_am": ""}}, {"type": "Feature", "geometry": {"type": "Point", "coordinates": [13.404339, 52.489842]}, "properties": {"id": "r0158", "name": "Die Legende von Paula und Ben", "typ": "Bar", "status": "besucht", "q": "top", "p": "normal", "notiz": "", "tags": "", "besucht_am": ""}}, {"type": "Feature", "geometry": {"type": "Point", "coordinates": [13.3236121, 52.5066323]}, "properties": {"id": "r0159", "name": "Die Stulle", "typ": "Frühstück", "status": "besucht", "q": "top", "p": "normal", "notiz": "", "tags": "", "besucht_am": ""}}, {"type": "Feature", "geometry": {"type": "Point", "coordinates": [13.465272, 52.507364]}, "properties": {"id": "r0160", "name": "Die Turnhalle", "typ": "Frühstück", "status": "besucht", "q": "unbewertet", "p": "normal", "notiz": "", "tags": "", "besucht_am": ""}}, {"type": "Feature", "geometry": {"type": "Point", "coordinates": [13.3286508, 52.5012838]}, "properties": {"id": "r0161", "name": "Diekmann", "typ": "Restaurant", "status": "besucht", "q": "unbewertet", "p": "normal", "notiz": "", "tags": "", "besucht_am": ""}}, {"type": "Feature", "geometry": {"type": "Point", "coordinates": [13.3236735, 52.5046906]}, "properties": {"id": "r0162", "name": "Diener Tattersall", "typ": "Bar", "status": "besucht", "q": "unbewertet", "p": "normal", "notiz": "", "tags": "", "besucht_am": ""}}, {"type": "Feature", "geometry": {"type": "Point", "coordinates": [13.403421, 52.5277212]}, "properties": {"id": "r0163", "name": "District Môt - Saigon Street Food", "typ": "Asia", "status": "besucht", "q": "unbewertet", "p": "normal", "notiz": "", "tags": "", "besucht_am": ""}}, {"type": "Feature", "geometry": {"type": "Point", "coordinates": [13.3940435, 52.531585]}, "properties": {"id": "r0164", "name": "Distrikt Coffee", "typ": "Frühstück", "status": "besucht", "q": "unbewertet", "p": "normal", "notiz": "", "tags": "", "besucht_am": ""}}, {"type": "Feature", "geometry": {"type": "Point", "coordinates": [13.409256, 52.523833]}, "properties": {"id": "r0165", "name": "Dolores", "typ": "Imbiss", "status": "besucht", "q": "gut", "p": "guenstig", "notiz": "", "tags": "", "besucht_am": ""}}, {"type": "Feature", "geometry": {"type": "Point", "coordinates": [13.4167099, 52.5015611]}, "properties": {"id": "r0166", "name": "Dresden", "typ": "Bar", "status": "besucht", "q": "top", "p": "normal", "notiz": "", "tags": "", "besucht_am": ""}}, {"type": "Feature", "geometry": {"type": "Point", "coordinates": [13.4167099, 52.5015611]}, "properties": {"id": "r0167", "name": "Dresden", "typ": "Café", "status": "besucht", "q": "top", "p": "normal", "notiz": "", "tags": "", "besucht_am": ""}}, {"type": "Feature", "geometry": {"type": "Point", "coordinates": [13.397867, 52.536243]}, "properties": {"id": "r0168", "name": "Du Bonheur", "typ": "Frühstück", "status": "besucht", "q": "top", "p": "normal", "notiz": "", "tags": "", "besucht_am": ""}}, {"type": "Feature", "geometry": {"type": "Point", "coordinates": [13.4244692, 52.5469285]}, "properties": {"id": "r0169", "name": "EasyPeasy", "typ": "Restaurant", "status": "besucht", "q": "unbewertet", "p": "normal", "notiz": "", "tags": "", "besucht_am": ""}}, {"type": "Feature", "geometry": {"type": "Point", "coordinates": [13.4399593, 52.4853771]}, "properties": {"id": "r0170", "name": "eins44 - Kantine Neukölln", "typ": "Restaurant", "status": "besucht", "q": "top", "p": "teuer", "notiz": "", "tags": "", "besucht_am": ""}}, {"type": "Feature", "geometry": {"type": "Point", "coordinates": [13.396824, 52.52727]}, "properties": {"id": "r0171", "name": "Eismanufaktur Berlin", "typ": "Eis", "status": "besucht", "q": "top", "p": "normal", "notiz": "", "tags": "", "besucht_am": ""}}, {"type": "Feature", "geometry": {"type": "Point", "coordinates": [13.417506, 52.546981]}, "properties": {"id": "r0172", "name": "Eispatisserie Hokey Pokey", "typ": "Eis", "status": "besucht", "q": "top", "p": "normal", "notiz": "", "tags": "", "besucht_am": ""}}, {"type": "Feature", "geometry": {"type": "Point", "coordinates": [13.4009854, 52.5332557]}, "properties": {"id": "r0173", "name": "El Amigo Taqueria", "typ": "Imbiss", "status": "besucht", "q": "gut", "p": "guenstig", "notiz": "", "tags": "", "besucht_am": ""}}, {"type": "Feature", "geometry": {"type": "Point", "coordinates": [13.462286, 52.4949687]}, "properties": {"id": "r0174", "name": "Else OpenAir-Club & Biergarten", "typ": "Club/Livemusik", "status": "besucht", "q": "unbewertet", "p": "normal", "notiz": "", "tags": "", "besucht_am": ""}}, {"type": "Feature", "geometry": {"type": "Point", "coordinates": [13.31491, 52.50215]}, "properties": {"id": "r0175", "name": "Enoiteca Il Calice", "typ": "Restaurant", "status": "besucht", "q": "top", "p": "teuer", "notiz": "", "tags": "", "besucht_am": ""}}, {"type": "Feature", "geometry": {"type": "Point", "coordinates": [13.3912405, 52.508498]}, "properties": {"id": "r0176", "name": "Entrecôte", "typ": "Steak/Grill", "status": "besucht", "q": "unbewertet", "p": "normal", "notiz": "", "tags": "", "besucht_am": ""}}, {"type": "Feature", "geometry": {"type": "Point", "coordinates": [13.3879951, 52.5260286]}, "properties": {"id": "r0177", "name": "espresso-ambulanz", "typ": "Café", "status": "besucht", "q": "top", "p": "normal", "notiz": "", "tags": "", "besucht_am": ""}}, {"type": "Feature", "geometry": {"type": "Point", "coordinates": [13.4180771, 52.5427945]}, "properties": {"id": "r0178", "name": "Ewig Freunde", "typ": "Frühstück", "status": "besucht", "q": "unbewertet", "p": "normal", "notiz": "", "tags": "", "besucht_am": ""}}, {"type": "Feature", "geometry": {"type": "Point", "coordinates": [13.4197999, 52.4994]}, "properties": {"id": "r0179", "name": "Fahimi Bar", "typ": "Bar", "status": "besucht", "q": "unbewertet", "p": "normal", "notiz": "", "tags": "", "besucht_am": ""}}, {"type": "Feature", "geometry": {"type": "Point", "coordinates": [13.428215, 52.528736]}, "properties": {"id": "r0180", "name": "Fairytale Bar", "typ": "Bar", "status": "besucht", "q": "unbewertet", "p": "ueberteuert", "notiz": "", "tags": "", "besucht_am": ""}}, {"type": "Feature", "geometry": {"type": "Point", "coordinates": [13.4243957, 52.5440184]}, "properties": {"id": "r0181", "name": "Falafel Aladdin", "typ": "Imbiss", "status": "besucht", "q": "gut", "p": "guenstig", "notiz": "", "tags": "", "besucht_am": ""}}, {"type": "Feature", "geometry": {"type": "Point", "coordinates": [13.4248551, 52.5121299]}, "properties": {"id": "r0182", "name": "Fame", "typ": "Restaurant", "status": "besucht", "q": "unbewertet", "p": "ueberteuert", "notiz": "", "tags": "", "besucht_am": ""}}, {"type": "Feature", "geometry": {"type": "Point", "coordinates": [13.4065566, 52.5243955]}, "properties": {"id": "r0183", "name": "Father Carpenter Coffee Brewers", "typ": "Café", "status": "besucht", "q": "top", "p": "normal", "notiz": "", "tags": "", "besucht_am": ""}}, {"type": "Feature", "geometry": {"type": "Point", "coordinates": [13.4572257, 52.5114723]}, "properties": {"id": "r0184", "name": "Fatoush", "typ": "Restaurant", "status": "besucht", "q": "top", "p": "normal", "notiz": "", "tags": "", "besucht_am": ""}}, {"type": "Feature", "geometry": {"type": "Point", "coordinates": [13.4001047, 52.533033]}, "properties": {"id": "r0185", "name": "FC Magnet Bar", "typ": "Sport-/Kickerbar", "status": "besucht", "q": "top", "p": "normal", "notiz": "", "tags": "", "besucht_am": ""}}, {"type": "Feature", "geometry": {"type": "Point", "coordinates": [13.4026203, 52.5294975]}, "properties": {"id": "r0186", "name": "FECHTNER Delikatessen", "typ": "Frühstück", "status": "besucht", "q": "top", "p": "normal", "notiz": "", "tags": "", "besucht_am": ""}}, {"type": "Feature", "geometry": {"type": "Point", "coordinates": [13.4087677, 52.4892671]}, "properties": {"id": "r0187", "name": "Fes Turkish BBQ", "typ": "Restaurant", "status": "besucht", "q": "top", "p": "normal", "notiz": "", "tags": "", "besucht_am": ""}}, {"type": "Feature", "geometry": {"type": "Point", "coordinates": [13.438335, 52.4934326]}, "properties": {"id": "r0188", "name": "Five Elephant Kreuzberg", "typ": "Café", "status": "besucht", "q": "unbewertet", "p": "normal", "notiz": "", "tags": "", "besucht_am": ""}}, {"type": "Feature", "geometry": {"type": "Point", "coordinates": [13.4076559, 52.5267037]}, "properties": {"id": "r0189", "name": "Five Elephant Mitte", "typ": "Café", "status": "besucht", "q": "unbewertet", "p": "normal", "notiz": "", "tags": "", "besucht_am": ""}}, {"type": "Feature", "geometry": {"type": "Point", "coordinates": [13.410439, 52.529794]}, "properties": {"id": "r0190", "name": "Fleischerei Berlin", "typ": "Steak/Grill", "status": "besucht", "q": "unbewertet", "p": "normal", "notiz": "", "tags": "", "besucht_am": ""}}, {"type": "Feature", "geometry": {"type": "Point", "coordinates": [13.4126088, 52.5381516]}, "properties": {"id": "r0191", "name": "Frannz-Club", "typ": "Club/Livemusik", "status": "besucht", "q": "unbewertet", "p": "normal", "notiz": "", "tags": "", "besucht_am": ""}}, {"type": "Feature", "geometry": {"type": "Point", "coordinates": [13.4194038, 52.5502357]}, "properties": {"id": "r0192", "name": "Frau Mittenmang", "typ": "Restaurant", "status": "besucht", "q": "unbewertet", "p": "normal", "notiz": "", "tags": "", "besucht_am": ""}}, {"type": "Feature", "geometry": {"type": "Point", "coordinates": [13.3939504, 52.5283743]}, "properties": {"id": "r0193", "name": "FREA", "typ": "Restaurant", "status": "besucht", "q": "unbewertet", "p": "ueberteuert", "notiz": "", "tags": "", "besucht_am": ""}}, {"type": "Feature", "geometry": {"type": "Point", "coordinates": [13.3919477, 52.5302132]}, "properties": {"id": "r0194", "name": "FREA Bakery", "typ": "Frühstück", "status": "besucht", "q": "unbewertet", "p": "normal", "notiz": "", "tags": "", "besucht_am": ""}}, {"type": "Feature", "geometry": {"type": "Point", "coordinates": [13.451482, 52.497592]}, "properties": {"id": "r0195", "name": "Freischwimmer", "typ": "Kneipe", "status": "besucht", "q": "unbewertet", "p": "normal", "notiz": "", "tags": "", "besucht_am": ""}}, {"type": "Feature", "geometry": {"type": "Point", "coordinates": [13.39148, 52.5283]}, "properties": {"id": "r0196", "name": "Friedel Richter Restaurant", "typ": "Restaurant", "status": "besucht", "q": "top", "p": "normal", "notiz": "", "tags": "", "besucht_am": ""}}, {"type": "Feature", "geometry": {"type": "Point", "coordinates": [13.4182087, 52.5462453]}, "properties": {"id": "r0197", "name": "FRIEDL Rösterei & Kekse", "typ": "Café", "status": "besucht", "q": "top", "p": "normal", "notiz": "", "tags": "", "besucht_am": ""}}, {"type": "Feature", "geometry": {"type": "Point", "coordinates": [13.425185, 52.473839]}, "properties": {"id": "r0198", "name": "Frollein Langner", "typ": "Kneipe", "status": "besucht", "q": "top", "p": "normal", "notiz": "", "tags": "", "besucht_am": ""}}, {"type": "Feature", "geometry": {"type": "Point", "coordinates": [13.3567819, 52.4992016]}, "properties": {"id": "r0199", "name": "Frühstück 3000", "typ": "Frühstück", "status": "besucht", "q": "unbewertet", "p": "normal", "notiz": "", "tags": "", "besucht_am": ""}}, {"type": "Feature", "geometry": {"type": "Point", "coordinates": [13.3831685, 52.4918718]}, "properties": {"id": "r0200", "name": "Galander -Kreuzberg-", "typ": "Bar", "status": "besucht", "q": "top", "p": "normal", "notiz": "", "tags": "", "besucht_am": ""}}, {"type": "Feature", "geometry": {"type": "Point", "coordinates": [13.424802, 52.490117]}, "properties": {"id": "r0201", "name": "Geist im Glas", "typ": "Bar", "status": "besucht", "q": "unbewertet", "p": "normal", "notiz": "", "tags": "", "besucht_am": ""}}, {"type": "Feature", "geometry": {"type": "Point", "coordinates": [13.4203897, 52.5365996]}, "properties": {"id": "r0202", "name": "Gingi Sushi", "typ": "Sushi", "status": "besucht", "q": "top", "p": "normal", "notiz": "", "tags": "", "besucht_am": ""}}, {"type": "Feature", "geometry": {"type": "Point", "coordinates": [13.458259, 52.511418]}, "properties": {"id": "r0203", "name": "Goldfisch", "typ": "Bar", "status": "besucht", "q": "top", "p": "normal", "notiz": "", "tags": "", "besucht_am": ""}}, {"type": "Feature", "geometry": {"type": "Point", "coordinates": [13.4251139, 52.4998565]}, "properties": {"id": "r0204", "name": "goldies", "typ": "Imbiss", "status": "besucht", "q": "top", "p": "normal", "notiz": "", "tags": "", "besucht_am": ""}}, {"type": "Feature", "geometry": {"type": "Point", "coordinates": [13.3179921, 52.5062824]}, "properties": {"id": "r0205", "name": "Good Friends", "typ": "Asia", "status": "besucht", "q": "unbewertet", "p": "normal", "notiz": "", "tags": "", "besucht_am": ""}}, {"type": "Feature", "geometry": {"type": "Point", "coordinates": [13.3929786, 52.5271351]}, "properties": {"id": "r0206", "name": "Good Q", "typ": "Frühstück", "status": "besucht", "q": "unbewertet", "p": "normal", "notiz": "", "tags": "", "besucht_am": ""}}, {"type": "Feature", "geometry": {"type": "Point", "coordinates": [13.396959, 52.512715]}, "properties": {"id": "r0207", "name": "Goodtime Restaurant", "typ": "Asia", "status": "besucht", "q": "top", "p": "normal", "notiz": "", "tags": "", "besucht_am": ""}}, {"type": "Feature", "geometry": {"type": "Point", "coordinates": [13.416583, 52.501253]}, "properties": {"id": "r0208", "name": "Gorgonzola Club", "typ": "Restaurant", "status": "besucht", "q": "unbewertet", "p": "normal", "notiz": "", "tags": "", "besucht_am": ""}}, {"type": "Feature", "geometry": {"type": "Point", "coordinates": [13.352804, 52.497003]}, "properties": {"id": "r0209", "name": "Green Door", "typ": "Bar", "status": "besucht", "q": "top", "p": "normal", "notiz": "", "tags": "", "besucht_am": ""}}, {"type": "Feature", "geometry": {"type": "Point", "coordinates": [13.4307013, 52.5308711]}, "properties": {"id": "r0210", "name": "Greenfinch", "typ": "Café", "status": "besucht", "q": "top", "p": "normal", "notiz": "", "tags": "", "besucht_am": ""}}, {"type": "Feature", "geometry": {"type": "Point", "coordinates": [13.3886, 52.522553]}, "properties": {"id": "r0211", "name": "Grill Royal", "typ": "Steak/Grill", "status": "besucht", "q": "unbewertet", "p": "ueberteuert", "notiz": "", "tags": "", "besucht_am": ""}}, {"type": "Feature", "geometry": {"type": "Point", "coordinates": [13.4008123, 52.5278881]}, "properties": {"id": "r0212", "name": "Hackbarth’s", "typ": "Kneipe", "status": "besucht", "q": "unbewertet", "p": "normal", "notiz": "", "tags": "", "besucht_am": ""}}, {"type": "Feature", "geometry": {"type": "Point", "coordinates": [13.4894231, 52.4915742]}, "properties": {"id": "r0213", "name": "Hafenküche Berlin - Hafenjungs Berlin GmbH", "typ": "Biergarten", "status": "besucht", "q": "unbewertet", "p": "normal", "notiz": "", "tags": "", "besucht_am": ""}}, {"type": "Feature", "geometry": {"type": "Point", "coordinates": [13.3904317, 52.4972842]}, "properties": {"id": "r0214", "name": "Hallesches Haus", "typ": "Frühstück", "status": "besucht", "q": "top", "p": "normal", "notiz": "", "tags": "", "besucht_am": ""}}, {"type": "Feature", "geometry": {"type": "Point", "coordinates": [13.419156, 52.50089]}, "properties": {"id": "r0215", "name": "Hasir Kreuzberg", "typ": "Restaurant", "status": "besucht", "q": "unbewertet", "p": "normal", "notiz": "", "tags": "", "besucht_am": ""}}, {"type": "Feature", "geometry": {"type": "Point", "coordinates": [13.419039, 52.534904]}, "properties": {"id": "r0216", "name": "Hausbar", "typ": "Bar", "status": "besucht", "q": "top", "p": "normal", "notiz": "", "tags": "", "besucht_am": ""}}, {"type": "Feature", "geometry": {"type": "Point", "coordinates": [13.3232255, 52.5055628]}, "properties": {"id": "r0217", "name": "Hefner Bar", "typ": "Bar", "status": "besucht", "q": "unbewertet", "p": "normal", "notiz": "", "tags": "", "besucht_am": ""}}, {"type": "Feature", "geometry": {"type": "Point", "coordinates": [13.399299, 52.5352937]}, "properties": {"id": "r0218", "name": "heimlichTreu", "typ": "Restaurant", "status": "besucht", "q": "unbewertet", "p": "ueberteuert", "notiz": "", "tags": "", "besucht_am": ""}}, {"type": "Feature", "geometry": {"type": "Point", "coordinates": [13.4708367, 52.507129]}, "properties": {"id": "r0219", "name": "HOME Bar", "typ": "Kneipe", "status": "besucht", "q": "unbewertet", "p": "normal", "notiz": "", "tags": "", "besucht_am": ""}}, {"type": "Feature", "geometry": {"type": "Point", "coordinates": [13.4392578, 52.4994743]}, "properties": {"id": "r0220", "name": "Hopfenreich", "typ": "Kneipe", "status": "besucht", "q": "unbewertet", "p": "normal", "notiz": "", "tags": "", "besucht_am": ""}}, {"type": "Feature", "geometry": {"type": "Point", "coordinates": [13.460687, 52.509011]}, "properties": {"id": "r0221", "name": "Hops & Barley", "typ": "Sport-/Kickerbar", "status": "besucht", "q": "top", "p": "normal", "notiz": "", "tags": "", "besucht_am": ""}}, {"type": "Feature", "geometry": {"type": "Point", "coordinates": [13.39655, 52.49405]}, "properties": {"id": "r0222", "name": "Hostaria del Monte Croce", "typ": "Restaurant", "status": "besucht", "q": "top", "p": "normal", "notiz": "", "tags": "", "besucht_am": ""}}, {"type": "Feature", "geometry": {"type": "Point", "coordinates": [13.3944188, 52.5264072]}, "properties": {"id": "r0223", "name": "House of Small Wonder", "typ": "Frühstück", "status": "besucht", "q": "unbewertet", "p": "ueberteuert", "notiz": "", "tags": "", "besucht_am": ""}}, {"type": "Feature", "geometry": {"type": "Point", "coordinates": [13.3786006, 52.5443793]}, "properties": {"id": "r0224", "name": "Humboldthain Club", "typ": "Club/Livemusik", "status": "besucht", "q": "unbewertet", "p": "normal", "notiz": "", "tags": "", "besucht_am": ""}}, {"type": "Feature", "geometry": {"type": "Point", "coordinates": [13.412534, 52.530788]}, "properties": {"id": "r0225", "name": "I Due Forni", "typ": "Pizza", "status": "besucht", "q": "unbewertet", "p": "normal", "notiz": "", "tags": "", "besucht_am": ""}}, {"type": "Feature", "geometry": {"type": "Point", "coordinates": [13.3249591, 52.4985395]}, "properties": {"id": "r0226", "name": "I-Ke-Su Japanese Restaurant", "typ": "Sushi", "status": "besucht", "q": "top", "p": "normal", "notiz": "", "tags": "", "besucht_am": ""}}, {"type": "Feature", "geometry": {"type": "Point", "coordinates": [13.4119852, 52.5285396]}, "properties": {"id": "r0227", "name": "ichi いち", "typ": "Asia", "status": "besucht", "q": "top", "p": "teuer", "notiz": "", "tags": "", "besucht_am": ""}}, {"type": "Feature", "geometry": {"type": "Point", "coordinates": [13.4035258, 52.5338378]}, "properties": {"id": "r0228", "name": "ick koof mir Dave Lombardo wenn ick reich bin", "typ": "Kneipe", "status": "besucht", "q": "unbewertet", "p": "normal", "notiz": "", "tags": "", "besucht_am": ""}}, {"type": "Feature", "geometry": {"type": "Point", "coordinates": [13.4056359, 52.5273199]}, "properties": {"id": "r0229", "name": "Iimori Ramen", "typ": "Asia", "status": "besucht", "q": "top", "p": "normal", "notiz": "", "tags": "", "besucht_am": ""}}, {"type": "Feature", "geometry": {"type": "Point", "coordinates": [13.415667, 52.49488]}, "properties": {"id": "r0230", "name": "Il Casolare", "typ": "Pizza", "status": "besucht", "q": "unbewertet", "p": "normal", "notiz": "", "tags": "", "besucht_am": ""}}, {"type": "Feature", "geometry": {"type": "Point", "coordinates": [13.4197197, 52.5435054]}, "properties": {"id": "r0231", "name": "Il Mattarello", "typ": "Restaurant", "status": "besucht", "q": "top", "p": "normal", "notiz": "", "tags": "", "besucht_am": ""}}, {"type": "Feature", "geometry": {"type": "Point", "coordinates": [13.434723, 52.529429]}, "properties": {"id": "r0232", "name": "Il Pane e le Rose", "typ": "Pizza", "status": "besucht", "q": "top", "p": "normal", "notiz": "", "tags": "", "besucht_am": ""}}, {"type": "Feature", "geometry": {"type": "Point", "coordinates": [13.458064, 52.50953]}, "properties": {"id": "r0233", "name": "Il Ritrovo-Cucina Casalinga Popolare", "typ": "Pizza", "status": "besucht", "q": "unbewertet", "p": "normal", "notiz": "", "tags": "", "besucht_am": ""}}, {"type": "Feature", "geometry": {"type": "Point", "coordinates": [13.3797405, 52.5151828]}, "properties": {"id": "r0234", "name": "India Club Berlin", "typ": "Asia", "status": "besucht", "q": "unbewertet", "p": "ueberteuert", "notiz": "", "tags": "", "besucht_am": ""}}, {"type": "Feature", "geometry": {"type": "Point", "coordinates": [13.4517798, 52.4977354]}, "properties": {"id": "r0235", "name": "IPSE", "typ": "Club/Livemusik", "status": "besucht", "q": "top", "p": "normal", "notiz": "", "tags": "", "besucht_am": ""}}, {"type": "Feature", "geometry": {"type": "Point", "coordinates": [13.3924252, 52.5080044]}, "properties": {"id": "r0236", "name": "Ishin", "typ": "Sushi", "status": "besucht", "q": "unbewertet", "p": "normal", "notiz": "", "tags": "", "besucht_am": ""}}, {"type": "Feature", "geometry": {"type": "Point", "coordinates": [13.4183748, 52.5438787]}, "properties": {"id": "r0237", "name": "ITA Bistro", "typ": "Restaurant", "status": "besucht", "q": "top", "p": "teuer", "notiz": "", "tags": "", "besucht_am": ""}}, {"type": "Feature", "geometry": {"type": "Point", "coordinates": [13.3543313, 52.4945793]}, "properties": {"id": "r0238", "name": "Ixthys Korean Restaurant", "typ": "Asia", "status": "besucht", "q": "gut", "p": "guenstig", "notiz": "", "tags": "", "besucht_am": ""}}, {"type": "Feature", "geometry": {"type": "Point", "coordinates": [13.3691302, 52.5501882]}, "properties": {"id": "r0239", "name": "Jatz Bar", "typ": "Kneipe", "status": "besucht", "q": "unbewertet", "p": "normal", "notiz": "", "tags": "", "besucht_am": ""}}, {"type": "Feature", "geometry": {"type": "Point", "coordinates": [13.43392, 52.500693]}, "properties": {"id": "r0240", "name": "Jolesch", "typ": "Restaurant", "status": "besucht", "q": "unbewertet", "p": "normal", "notiz": "", "tags": "", "besucht_am": ""}}, {"type": "Feature", "geometry": {"type": "Point", "coordinates": [13.353453, 52.490486]}, "properties": {"id": "r0241", "name": "JONES ice cream", "typ": "Eis", "status": "besucht", "q": "top", "p": "normal", "notiz": "", "tags": "", "besucht_am": ""}}, {"type": "Feature", "geometry": {"type": "Point", "coordinates": [13.38769, 52.52584]}, "properties": {"id": "r0242", "name": "JOSEPH", "typ": "Restaurant", "status": "besucht", "q": "unbewertet", "p": "normal", "notiz": "", "tags": "", "besucht_am": ""}}, {"type": "Feature", "geometry": {"type": "Point", "coordinates": [13.4305233, 52.5322864]}, "properties": {"id": "r0243", "name": "Jubel", "typ": "Café", "status": "besucht", "q": "top", "p": "normal", "notiz": "", "tags": "", "besucht_am": ""}}, {"type": "Feature", "geometry": {"type": "Point", "coordinates": [13.3421683, 52.4974066]}, "properties": {"id": "r0244", "name": "jules Geisberg", "typ": "Café", "status": "besucht", "q": "top", "p": "normal", "notiz": "", "tags": "", "besucht_am": ""}}, {"type": "Feature", "geometry": {"type": "Point", "coordinates": [13.4479224, 52.5134677]}, "properties": {"id": "r0245", "name": "Jägerklause", "typ": "Kneipe", "status": "besucht", "q": "unbewertet", "p": "normal", "notiz": "", "tags": "", "besucht_am": ""}}, {"type": "Feature", "geometry": {"type": "Point", "coordinates": [13.4229262, 52.5446217]}, "properties": {"id": "r0246", "name": "KAFFEE.BAR", "typ": "Café", "status": "besucht", "q": "unbewertet", "p": "normal", "notiz": "", "tags": "", "besucht_am": ""}}, {"type": "Feature", "geometry": {"type": "Point", "coordinates": [13.406102, 52.525214]}, "properties": {"id": "r0247", "name": "KAFFEEMITTE", "typ": "Café", "status": "besucht", "q": "unbewertet", "p": "normal", "notiz": "", "tags": "", "besucht_am": ""}}, {"type": "Feature", "geometry": {"type": "Point", "coordinates": [13.432951, 52.5309887]}, "properties": {"id": "r0248", "name": "Kaffeemomente Berlin", "typ": "Café", "status": "besucht", "q": "unbewertet", "p": "normal", "notiz": "", "tags": "", "besucht_am": ""}}, {"type": "Feature", "geometry": {"type": "Point", "coordinates": [13.416341, 52.543869]}, "properties": {"id": "r0249", "name": "Kaffeerösterei Pakolat", "typ": "Café", "status": "besucht", "q": "top", "p": "normal", "notiz": "", "tags": "", "besucht_am": ""}}, {"type": "Feature", "geometry": {"type": "Point", "coordinates": [13.4219242, 52.5441872]}, "properties": {"id": "r0250", "name": "Kajumi", "typ": "Café", "status": "besucht", "q": "unbewertet", "p": "normal", "notiz": "", "tags": "", "besucht_am": ""}}, {"type": "Feature", "geometry": {"type": "Point", "coordinates": [13.3365831, 52.5329457]}, "properties": {"id": "r0251", "name": "Kallasch & - Moab Barprojekt", "typ": "Kneipe", "status": "besucht", "q": "top", "p": "normal", "notiz": "", "tags": "", "besucht_am": ""}}, {"type": "Feature", "geometry": {"type": "Point", "coordinates": [13.4198475, 52.5435988]}, "properties": {"id": "r0252", "name": "Kanaan", "typ": "Restaurant", "status": "besucht", "q": "unbewertet", "p": "normal", "notiz": "", "tags": "", "besucht_am": ""}}, {"type": "Feature", "geometry": {"type": "Point", "coordinates": [13.41126, 52.53817]}, "properties": {"id": "r0253", "name": "Kapital ist ein scheues Reh", "typ": "Kneipe", "status": "besucht", "q": "unbewertet", "p": "normal", "notiz": "", "tags": "", "besucht_am": ""}}, {"type": "Feature", "geometry": {"type": "Point", "coordinates": [13.409988, 52.528326]}, "properties": {"id": "r0254", "name": "Kaschk", "typ": "Kneipe", "status": "besucht", "q": "unbewertet", "p": "normal", "notiz": "", "tags": "", "besucht_am": ""}}, {"type": "Feature", "geometry": {"type": "Point", "coordinates": [13.4253838, 52.5119475]}, "properties": {"id": "r0255", "name": "Kater Blau", "typ": "Club/Livemusik", "status": "besucht", "q": "unbewertet", "p": "normal", "notiz": "", "tags": "", "besucht_am": ""}}, {"type": "Feature", "geometry": {"type": "Point", "coordinates": [13.3953026, 52.5315246]}, "properties": {"id": "r0256", "name": "Katz Orange", "typ": "Restaurant", "status": "besucht", "q": "unbewertet", "p": "ueberteuert", "notiz": "", "tags": "", "besucht_am": ""}}, {"type": "Feature", "geometry": {"type": "Point", "coordinates": [13.3953026, 52.5315246]}, "properties": {"id": "r0257", "name": "Katz Orange", "typ": "Bar", "status": "besucht", "q": "top", "p": "teuer", "notiz": "", "tags": "", "besucht_am": ""}}, {"type": "Feature", "geometry": {"type": "Point", "coordinates": [13.3878453, 52.5265051]}, "properties": {"id": "r0258", "name": "Kebab Baba", "typ": "Imbiss", "status": "besucht", "q": "unbewertet", "p": "normal", "notiz": "", "tags": "", "besucht_am": ""}}, {"type": "Feature", "geometry": {"type": "Point", "coordinates": [13.4031745, 52.5245371]}, "properties": {"id": "r0259", "name": "Kebab Kitchen", "typ": "Imbiss", "status": "besucht", "q": "gut", "p": "guenstig", "notiz": "", "tags": "", "besucht_am": ""}}, {"type": "Feature", "geometry": {"type": "Point", "coordinates": [13.4638149, 52.5086511]}, "properties": {"id": "r0260", "name": "Khao Taan", "typ": "Asia", "status": "besucht", "q": "unbewertet", "p": "normal", "notiz": "", "tags": "", "besucht_am": ""}}, {"type": "Feature", "geometry": {"type": "Point", "coordinates": [13.415211, 52.53404]}, "properties": {"id": "r0261", "name": "Khushi", "typ": "Restaurant", "status": "besucht", "q": "top", "p": "normal", "notiz": "", "tags": "", "besucht_am": ""}}, {"type": "Feature", "geometry": {"type": "Point", "coordinates": [13.4557113, 52.507388]}, "properties": {"id": "r0262", "name": "Khwan ควัน", "typ": "Asia", "status": "besucht", "q": "unbewertet", "p": "normal", "notiz": "", "tags": "", "besucht_am": ""}}, {"type": "Feature", "geometry": {"type": "Point", "coordinates": [13.4312275, 52.5320832]}, "properties": {"id": "r0263", "name": "Ki Kuriya", "typ": "Sushi", "status": "besucht", "q": "unbewertet", "p": "normal", "notiz": "", "tags": "", "besucht_am": ""}}, {"type": "Feature", "geometry": {"type": "Point", "coordinates": [13.42999, 52.50295]}, "properties": {"id": "r0264", "name": "Kickerbar Platzwart", "typ": "Sport-/Kickerbar", "status": "besucht", "q": "top", "p": "normal", "notiz": "", "tags": "", "besucht_am": ""}}, {"type": "Feature", "geometry": {"type": "Point", "coordinates": [13.425854, 52.498557]}, "properties": {"id": "r0265", "name": "Kimchi Princess", "typ": "Asia", "status": "besucht", "q": "unbewertet", "p": "normal", "notiz": "", "tags": "", "besucht_am": ""}}, {"type": "Feature", "geometry": {"type": "Point", "coordinates": [13.313446, 52.505532]}, "properties": {"id": "r0266", "name": "King Karaoke Berlin", "typ": "Karaoke", "status": "besucht", "q": "unbewertet", "p": "normal", "notiz": "", "tags": "", "besucht_am": ""}}, {"type": "Feature", "geometry": {"type": "Point", "coordinates": [13.4102803, 52.5251252]}, "properties": {"id": "r0267", "name": "King King", "typ": "Asia", "status": "besucht", "q": "unbewertet", "p": "normal", "notiz": "", "tags": "", "besucht_am": ""}}, {"type": "Feature", "geometry": {"type": "Point", "coordinates": [13.4116301, 52.5319504]}, "properties": {"id": "r0268", "name": "KINK Bar & Restaurant", "typ": "Restaurant", "status": "besucht", "q": "unbewertet", "p": "ueberteuert", "notiz": "", "tags": "", "besucht_am": ""}}, {"type": "Feature", "geometry": {"type": "Point", "coordinates": [13.4115959, 52.5319735]}, "properties": {"id": "r0269", "name": "KINK Bar & Restaurant", "typ": "Bar", "status": "besucht", "q": "unbewertet", "p": "ueberteuert", "notiz": "", "tags": "", "besucht_am": ""}}, {"type": "Feature", "geometry": {"type": "Point", "coordinates": [13.407387, 52.488649]}, "properties": {"id": "r0270", "name": "Kinnaree Thai", "typ": "Asia", "status": "besucht", "q": "unbewertet", "p": "normal", "notiz": "", "tags": "", "besucht_am": ""}}, {"type": "Feature", "geometry": {"type": "Point", "coordinates": [13.440445, 52.500874]}, "properties": {"id": "r0271", "name": "Kirk Bar", "typ": "Kneipe", "status": "besucht", "q": "unbewertet", "p": "normal", "notiz": "", "tags": "", "besucht_am": ""}}, {"type": "Feature", "geometry": {"type": "Point", "coordinates": [13.404218, 52.529894]}, "properties": {"id": "r0272", "name": "Kitty Cheng Bar", "typ": "Club/Livemusik", "status": "besucht", "q": "unbewertet", "p": "normal", "notiz": "", "tags": "", "besucht_am": ""}}, {"type": "Feature", "geometry": {"type": "Point", "coordinates": [13.432256, 52.482081]}, "properties": {"id": "r0273", "name": "Klunkerkranich", "typ": "Kneipe", "status": "besucht", "q": "unbewertet", "p": "normal", "notiz": "", "tags": "", "besucht_am": ""}}, {"type": "Feature", "geometry": {"type": "Point", "coordinates": [13.4151773, 52.5414179]}, "properties": {"id": "r0274", "name": "Koempul - authentic Indonesian Restaurant", "typ": "Asia", "status": "besucht", "q": "unbewertet", "p": "normal", "notiz": "", "tags": "", "besucht_am": ""}}, {"type": "Feature", "geometry": {"type": "Point", "coordinates": [13.408012, 52.549152]}, "properties": {"id": "r0275", "name": "KOHLEN QUELLE", "typ": "Kneipe", "status": "besucht", "q": "unbewertet", "p": "normal", "notiz": "", "tags": "", "besucht_am": ""}}, {"type": "Feature", "geometry": {"type": "Point", "coordinates": [13.4161384, 52.540032]}, "properties": {"id": "r0276", "name": "KOKIO", "typ": "Asia", "status": "besucht", "q": "unbewertet", "p": "normal", "notiz": "", "tags": "", "besucht_am": ""}}, {"type": "Feature", "geometry": {"type": "Point", "coordinates": [13.3476955, 52.5212047]}, "properties": {"id": "r0277", "name": "Konditorei Buchwald", "typ": "Café", "status": "besucht", "q": "unbewertet", "p": "normal", "notiz": "", "tags": "", "besucht_am": ""}}, {"type": "Feature", "geometry": {"type": "Point", "coordinates": [13.4199361, 52.544156]}, "properties": {"id": "r0278", "name": "Kongfu Chili", "typ": "Asia", "status": "besucht", "q": "top", "p": "normal", "notiz": "", "tags": "", "besucht_am": ""}}, {"type": "Feature", "geometry": {"type": "Point", "coordinates": [13.412174, 52.540511]}, "properties": {"id": "r0279", "name": "Konnopke's Imbiss", "typ": "Imbiss", "status": "besucht", "q": "gut", "p": "guenstig", "notiz": "", "tags": "", "besucht_am": ""}}, {"type": "Feature", "geometry": {"type": "Point", "coordinates": [13.464537, 52.49761]}, "properties": {"id": "r0280", "name": "Krass Böser Wolf", "typ": "Bar", "status": "besucht", "q": "top", "p": "normal", "notiz": "", "tags": "", "besucht_am": ""}}, {"type": "Feature", "geometry": {"type": "Point", "coordinates": [13.399284, 52.527236]}, "properties": {"id": "r0281", "name": "Kuchi", "typ": "Sushi", "status": "besucht", "q": "unbewertet", "p": "normal", "notiz": "", "tags": "", "besucht_am": ""}}, {"type": "Feature", "geometry": {"type": "Point", "coordinates": [13.3197779, 52.5054053]}, "properties": {"id": "r0282", "name": "Kushinoya", "typ": "Asia", "status": "besucht", "q": "unbewertet", "p": "normal", "notiz": "", "tags": "", "besucht_am": ""}}, {"type": "Feature", "geometry": {"type": "Point", "coordinates": [13.3990775, 52.5272082]}, "properties": {"id": "r0283", "name": "KWA - Kebap with Attitude", "typ": "Restaurant", "status": "besucht", "q": "unbewertet", "p": "normal", "notiz": "", "tags": "", "besucht_am": ""}}, {"type": "Feature", "geometry": {"type": "Point", "coordinates": [13.4204488, 52.5417385]}, "properties": {"id": "r0284", "name": "L'Osteria del Parlamento", "typ": "Restaurant", "status": "besucht", "q": "unbewertet", "p": "normal", "notiz": "", "tags": "", "besucht_am": ""}}, {"type": "Feature", "geometry": {"type": "Point", "coordinates": [13.403492, 52.533623]}, "properties": {"id": "r0285", "name": "La Focacceria", "typ": "Pizza", "status": "besucht", "q": "gut", "p": "guenstig", "notiz": "", "tags": "", "besucht_am": ""}}, {"type": "Feature", "geometry": {"type": "Point", "coordinates": [13.3935794, 52.5282655]}, "properties": {"id": "r0286", "name": "La Galleria Italiana", "typ": "Restaurant", "status": "besucht", "q": "unbewertet", "p": "normal", "notiz": "", "tags": "", "besucht_am": ""}}, {"type": "Feature", "geometry": {"type": "Point", "coordinates": [13.3842739, 52.5300558]}, "properties": {"id": "r0287", "name": "La Pausa", "typ": "Pizza", "status": "besucht", "q": "unbewertet", "p": "normal", "notiz": "", "tags": "", "besucht_am": ""}}, {"type": "Feature", "geometry": {"type": "Point", "coordinates": [13.4022764, 52.5306723]}, "properties": {"id": "r0288", "name": "La Premiata Ditta", "typ": "Restaurant", "status": "besucht", "q": "top", "p": "normal", "notiz": "", "tags": "", "besucht_am": ""}}, {"type": "Feature", "geometry": {"type": "Point", "coordinates": [13.3545933, 52.4898634]}, "properties": {"id": "r0289", "name": "Lagalante", "typ": "Restaurant", "status": "besucht", "q": "top", "p": "normal", "notiz": "", "tags": "", "besucht_am": ""}}, {"type": "Feature", "geometry": {"type": "Point", "coordinates": [13.4144205, 52.4930023]}, "properties": {"id": "r0290", "name": "LALA", "typ": "Restaurant", "status": "besucht", "q": "unbewertet", "p": "normal", "notiz": "", "tags": "", "besucht_am": ""}}, {"type": "Feature", "geometry": {"type": "Point", "coordinates": [13.4152355, 52.5533752]}, "properties": {"id": "r0291", "name": "Lamm", "typ": "Bar", "status": "besucht", "q": "top", "p": "normal", "notiz": "", "tags": "", "besucht_am": ""}}, {"type": "Feature", "geometry": {"type": "Point", "coordinates": [13.4569717, 52.5106641]}, "properties": {"id": "r0292", "name": "Larb Koi Thai Home cooking", "typ": "Restaurant", "status": "besucht", "q": "top", "p": "teuer", "notiz": "", "tags": "", "besucht_am": ""}}, {"type": "Feature", "geometry": {"type": "Point", "coordinates": [13.407148, 52.533067]}, "properties": {"id": "r0293", "name": "Lass Uns Freunde Bleiben", "typ": "Kneipe", "status": "besucht", "q": "unbewertet", "p": "normal", "notiz": "", "tags": "", "besucht_am": ""}}, {"type": "Feature", "geometry": {"type": "Point", "coordinates": [13.4153597, 52.5471053]}, "properties": {"id": "r0294", "name": "Le Midi", "typ": "Restaurant", "status": "besucht", "q": "unbewertet", "p": "normal", "notiz": "", "tags": "", "besucht_am": ""}}, {"type": "Feature", "geometry": {"type": "Point", "coordinates": [13.407495, 52.524138]}, "properties": {"id": "r0295", "name": "Lebensmittel in Mitte", "typ": "Restaurant", "status": "besucht", "q": "unbewertet", "p": "normal", "notiz": "", "tags": "", "besucht_am": ""}}, {"type": "Feature", "geometry": {"type": "Point", "coordinates": [13.4204094, 52.5441305]}, "properties": {"id": "r0296", "name": "Lecker Song", "typ": "Asia", "status": "besucht", "q": "unbewertet", "p": "normal", "notiz": "", "tags": "", "besucht_am": ""}}, {"type": "Feature", "geometry": {"type": "Point", "coordinates": [13.458702, 52.511556]}, "properties": {"id": "r0297", "name": "Lemon Leaf", "typ": "Asia", "status": "besucht", "q": "unbewertet", "p": "normal", "notiz": "", "tags": "", "besucht_am": ""}}, {"type": "Feature", "geometry": {"type": "Point", "coordinates": [13.39919, 52.53532]}, "properties": {"id": "r0298", "name": "Lemongrass", "typ": "Asia", "status": "besucht", "q": "unbewertet", "p": "normal", "notiz": "", "tags": "", "besucht_am": ""}}, {"type": "Feature", "geometry": {"type": "Point", "coordinates": [13.43087, 52.50211]}, "properties": {"id": "r0299", "name": "Lerchen&Eulen", "typ": "Kneipe", "status": "besucht", "q": "top", "p": "normal", "notiz": "", "tags": "", "besucht_am": ""}}, {"type": "Feature", "geometry": {"type": "Point", "coordinates": [13.445205, 52.4992291]}, "properties": {"id": "r0300", "name": "Lido", "typ": "Club/Livemusik", "status": "besucht", "q": "unbewertet", "p": "normal", "notiz": "", "tags": "", "besucht_am": ""}}, {"type": "Feature", "geometry": {"type": "Point", "coordinates": [13.4054007, 52.5288502]}, "properties": {"id": "r0301", "name": "Lois", "typ": "Café", "status": "besucht", "q": "unbewertet", "p": "normal", "notiz": "", "tags": "", "besucht_am": ""}}, {"type": "Feature", "geometry": {"type": "Point", "coordinates": [13.394828, 52.527918]}, "properties": {"id": "r0302", "name": "Lokal", "typ": "Restaurant", "status": "besucht", "q": "unbewertet", "p": "normal", "notiz": "", "tags": "", "besucht_am": ""}}, {"type": "Feature", "geometry": {"type": "Point", "coordinates": [13.4261691, 52.5344101]}, "properties": {"id": "r0303", "name": "Lola Pizzaiola", "typ": "Pizza", "status": "besucht", "q": "gut", "p": "guenstig", "notiz": "", "tags": "", "besucht_am": ""}}, {"type": "Feature", "geometry": {"type": "Point", "coordinates": [13.316612, 52.506335]}, "properties": {"id": "r0304", "name": "Lon-Men's Noodle House", "typ": "Asia", "status": "besucht", "q": "top", "p": "normal", "notiz": "", "tags": "", "besucht_am": ""}}, {"type": "Feature", "geometry": {"type": "Point", "coordinates": [13.431057, 52.502973]}, "properties": {"id": "r0305", "name": "Long March Canteen", "typ": "Asia", "status": "besucht", "q": "unbewertet", "p": "normal", "notiz": "", "tags": "", "besucht_am": ""}}, {"type": "Feature", "geometry": {"type": "Point", "coordinates": [13.3958049, 52.5291781]}, "properties": {"id": "r0306", "name": "LOST MY LOVE TO ITALY", "typ": "Café", "status": "besucht", "q": "top", "p": "normal", "notiz": "", "tags": "", "besucht_am": ""}}, {"type": "Feature", "geometry": {"type": "Point", "coordinates": [13.401739, 52.5288711]}, "properties": {"id": "r0307", "name": "Lovebirds - Contemporary Pizza", "typ": "Pizza", "status": "besucht", "q": "top", "p": "normal", "notiz": "", "tags": "", "besucht_am": ""}}, {"type": "Feature", "geometry": {"type": "Point", "coordinates": [13.320048, 52.504537]}, "properties": {"id": "r0308", "name": "Lubitsch", "typ": "Frühstück", "status": "besucht", "q": "unbewertet", "p": "normal", "notiz": "", "tags": "", "besucht_am": ""}}, {"type": "Feature", "geometry": {"type": "Point", "coordinates": [13.4167816, 52.5348647]}, "properties": {"id": "r0309", "name": "Lucky Leek", "typ": "Restaurant", "status": "besucht", "q": "unbewertet", "p": "ueberteuert", "notiz": "", "tags": "", "besucht_am": ""}}, {"type": "Feature", "geometry": {"type": "Point", "coordinates": [13.3968996, 52.5267016]}, "properties": {"id": "r0310", "name": "Luna D'Oro", "typ": "Restaurant", "status": "besucht", "q": "top", "p": "normal", "notiz": "", "tags": "", "besucht_am": ""}}, {"type": "Feature", "geometry": {"type": "Point", "coordinates": [13.376049, 52.5042976]}, "properties": {"id": "r0311", "name": "Mabuhay Indonesian Restaurant", "typ": "Asia", "status": "besucht", "q": "gut", "p": "guenstig", "notiz": "", "tags": "", "besucht_am": ""}}, {"type": "Feature", "geometry": {"type": "Point", "coordinates": [13.4048861, 52.5344223]}, "properties": {"id": "r0312", "name": "Macke Prinz", "typ": "Kneipe", "status": "besucht", "q": "unbewertet", "p": "normal", "notiz": "", "tags": "", "besucht_am": ""}}, {"type": "Feature", "geometry": {"type": "Point", "coordinates": [13.390092, 52.492078]}, "properties": {"id": "r0313", "name": "Madang", "typ": "Asia", "status": "besucht", "q": "unbewertet", "p": "normal", "notiz": "", "tags": "", "besucht_am": ""}}, {"type": "Feature", "geometry": {"type": "Point", "coordinates": [13.4213254, 52.5449354]}, "properties": {"id": "r0314", "name": "Madras Cafe", "typ": "Asia", "status": "besucht", "q": "unbewertet", "p": "normal", "notiz": "", "tags": "", "besucht_am": ""}}, {"type": "Feature", "geometry": {"type": "Point", "coordinates": [13.3889755, 52.5261078]}, "properties": {"id": "r0315", "name": "Magic John's", "typ": "Pizza", "status": "besucht", "q": "top", "p": "normal", "notiz": "", "tags": "", "besucht_am": ""}}, {"type": "Feature", "geometry": {"type": "Point", "coordinates": [13.3383341, 52.4737663]}, "properties": {"id": "r0316", "name": "Malafemmena", "typ": "Pizza", "status": "besucht", "q": "top", "p": "normal", "notiz": "", "tags": "", "besucht_am": ""}}, {"type": "Feature", "geometry": {"type": "Point", "coordinates": [13.4154011, 52.5402745]}, "properties": {"id": "r0317", "name": "Malafemmena Prenzlauer Berg", "typ": "Pizza", "status": "besucht", "q": "top", "p": "normal", "notiz": "", "tags": "", "besucht_am": ""}}, {"type": "Feature", "geometry": {"type": "Point", "coordinates": [13.4209438, 52.5430291]}, "properties": {"id": "r0318", "name": "Mamida", "typ": "Pizza", "status": "besucht", "q": "top", "p": "normal", "notiz": "", "tags": "", "besucht_am": ""}}, {"type": "Feature", "geometry": {"type": "Point", "coordinates": [13.399545, 52.529396]}, "properties": {"id": "r0319", "name": "Mani Restaurant", "typ": "Restaurant", "status": "besucht", "q": "unbewertet", "p": "normal", "notiz": "", "tags": "", "besucht_am": ""}}, {"type": "Feature", "geometry": {"type": "Point", "coordinates": [13.4181046, 52.5404105]}, "properties": {"id": "r0320", "name": "Maria Bonita Mexican Bistro", "typ": "Imbiss", "status": "besucht", "q": "gut", "p": "guenstig", "notiz": "", "tags": "", "besucht_am": ""}}, {"type": "Feature", "geometry": {"type": "Point", "coordinates": [13.43254, 52.50004]}, "properties": {"id": "r0321", "name": "Mariona", "typ": "Restaurant", "status": "besucht", "q": "unbewertet", "p": "normal", "notiz": "", "tags": "", "besucht_am": ""}}, {"type": "Feature", "geometry": {"type": "Point", "coordinates": [13.3909221, 52.4917307]}, "properties": {"id": "r0322", "name": "Maselli Ristorante", "typ": "Restaurant", "status": "besucht", "q": "top", "p": "normal", "notiz": "", "tags": "", "besucht_am": ""}}, {"type": "Feature", "geometry": {"type": "Point", "coordinates": [13.414026, 52.502646]}, "properties": {"id": "r0323", "name": "Max und Moritz", "typ": "Kneipe", "status": "besucht", "q": "unbewertet", "p": "normal", "notiz": "", "tags": "", "besucht_am": ""}}, {"type": "Feature", "geometry": {"type": "Point", "coordinates": [13.400572, 52.529792]}, "properties": {"id": "r0324", "name": "Mein Haus am See", "typ": "Kneipe", "status": "besucht", "q": "unbewertet", "p": "normal", "notiz": "", "tags": "", "besucht_am": ""}}, {"type": "Feature", "geometry": {"type": "Point", "coordinates": [13.3888009, 52.522653]}, "properties": {"id": "r0325", "name": "meisterschueler", "typ": "Bar", "status": "besucht", "q": "unbewertet", "p": "normal", "notiz": "", "tags": "", "besucht_am": ""}}, {"type": "Feature", "geometry": {"type": "Point", "coordinates": [13.3183361, 52.4815889]}, "properties": {"id": "r0326", "name": "Mesa-Die Libanesische Art zu Speisen", "typ": "Restaurant", "status": "besucht", "q": "unbewertet", "p": "normal", "notiz": "", "tags": "", "besucht_am": ""}}, {"type": "Feature", "geometry": {"type": "Point", "coordinates": [13.4163603, 52.53181]}, "properties": {"id": "r0327", "name": "Metzer Eck", "typ": "Kneipe", "status": "besucht", "q": "top", "p": "normal", "notiz": "", "tags": "", "besucht_am": ""}}, {"type": "Feature", "geometry": {"type": "Point", "coordinates": [13.4158093, 52.531932]}, "properties": {"id": "r0328", "name": "Mezze by MontRaw", "typ": "Restaurant", "status": "besucht", "q": "top", "p": "normal", "notiz": "", "tags": "", "besucht_am": ""}}, {"type": "Feature", "geometry": {"type": "Point", "coordinates": [13.447904, 52.504651]}, "properties": {"id": "r0329", "name": "Michelberger Hotel", "typ": "Restaurant", "status": "besucht", "q": "unbewertet", "p": "ueberteuert", "notiz": "", "tags": "", "besucht_am": ""}}, {"type": "Feature", "geometry": {"type": "Point", "coordinates": [13.447904, 52.504651]}, "properties": {"id": "r0330", "name": "Michelberger Hotel", "typ": "Kneipe", "status": "besucht", "q": "unbewertet", "p": "normal", "notiz": "", "tags": "", "besucht_am": ""}}, {"type": "Feature", "geometry": {"type": "Point", "coordinates": [13.3765689, 52.5110508]}, "properties": {"id": "r0331", "name": "Midtown Grill", "typ": "Steak/Grill", "status": "besucht", "q": "unbewertet", "p": "ueberteuert", "notiz": "", "tags": "", "besucht_am": ""}}, {"type": "Feature", "geometry": {"type": "Point", "coordinates": [13.4038983, 52.5295158]}, "properties": {"id": "r0332", "name": "Mikkeller Berlin", "typ": "Kneipe", "status": "besucht", "q": "unbewertet", "p": "ueberteuert", "notiz": "", "tags": "", "besucht_am": ""}}, {"type": "Feature", "geometry": {"type": "Point", "coordinates": [13.452642, 52.51178]}, "properties": {"id": "r0333", "name": "Milch & Zucker", "typ": "Café", "status": "besucht", "q": "top", "p": "normal", "notiz": "", "tags": "", "besucht_am": ""}}, {"type": "Feature", "geometry": {"type": "Point", "coordinates": [13.4174929, 52.5018777]}, "properties": {"id": "r0334", "name": "Milch & Zucker", "typ": "Café", "status": "besucht", "q": "unbewertet", "p": "normal", "notiz": "", "tags": "", "besucht_am": ""}}, {"type": "Feature", "geometry": {"type": "Point", "coordinates": [13.400525, 52.527817]}, "properties": {"id": "r0335", "name": "Milch Halle Berlin Coffee", "typ": "Café", "status": "besucht", "q": "unbewertet", "p": "normal", "notiz": "", "tags": "", "besucht_am": ""}}, {"type": "Feature", "geometry": {"type": "Point", "coordinates": [13.4682251, 52.5045344]}, "properties": {"id": "r0336", "name": "Milja & Schäfa", "typ": "Café", "status": "besucht", "q": "unbewertet", "p": "normal", "notiz": "", "tags": "", "besucht_am": ""}}, {"type": "Feature", "geometry": {"type": "Point", "coordinates": [13.418422, 52.513625]}, "properties": {"id": "r0337", "name": "Ming Dynastie", "typ": "Asia", "status": "besucht", "q": "unbewertet", "p": "normal", "notiz": "", "tags": "", "besucht_am": ""}}, {"type": "Feature", "geometry": {"type": "Point", "coordinates": [13.3944515, 52.5284428]}, "properties": {"id": "r0338", "name": "Minty's Fresh Food Bar", "typ": "Frühstück", "status": "besucht", "q": "unbewertet", "p": "normal", "notiz": "", "tags": "", "besucht_am": ""}}, {"type": "Feature", "geometry": {"type": "Point", "coordinates": [13.3874491, 52.5268053]}, "properties": {"id": "r0339", "name": "Mizu Ramen", "typ": "Asia", "status": "besucht", "q": "unbewertet", "p": "normal", "notiz": "", "tags": "", "besucht_am": ""}}, {"type": "Feature", "geometry": {"type": "Point", "coordinates": [13.3493007, 52.5244381]}, "properties": {"id": "r0340", "name": "moa - café & bar", "typ": "Café", "status": "besucht", "q": "top", "p": "normal", "notiz": "", "tags": "", "besucht_am": ""}}, {"type": "Feature", "geometry": {"type": "Point", "coordinates": [13.32042, 52.5066369]}, "properties": {"id": "r0341", "name": "momiji", "typ": "Asia", "status": "besucht", "q": "top", "p": "normal", "notiz": "", "tags": "", "besucht_am": ""}}, {"type": "Feature", "geometry": {"type": "Point", "coordinates": [13.419378, 52.499268]}, "properties": {"id": "r0342", "name": "Monarch", "typ": "Club/Livemusik", "status": "besucht", "q": "unbewertet", "p": "normal", "notiz": "", "tags": "", "besucht_am": ""}}, {"type": "Feature", "geometry": {"type": "Point", "coordinates": [13.337896, 52.505671]}, "properties": {"id": "r0343", "name": "Monkey Bar", "typ": "Bar", "status": "besucht", "q": "unbewertet", "p": "ueberteuert", "notiz": "", "tags": "", "besucht_am": ""}}, {"type": "Feature", "geometry": {"type": "Point", "coordinates": [13.40786, 52.526597]}, "properties": {"id": "r0344", "name": "Monsieur Vuong", "typ": "Asia", "status": "besucht", "q": "top", "p": "normal", "notiz": "", "tags": "", "besucht_am": ""}}, {"type": "Feature", "geometry": {"type": "Point", "coordinates": [13.448463, 52.505199]}, "properties": {"id": "r0345", "name": "Monster Ronson's Ichiban Karaoke", "typ": "Karaoke", "status": "besucht", "q": "top", "p": "normal", "notiz": "", "tags": "", "besucht_am": ""}}, {"type": "Feature", "geometry": {"type": "Point", "coordinates": [13.392699, 52.5284736]}, "properties": {"id": "r0346", "name": "MontRaw Restaurant", "typ": "Restaurant", "status": "besucht", "q": "unbewertet", "p": "ueberteuert", "notiz": "", "tags": "", "besucht_am": ""}}, {"type": "Feature", "geometry": {"type": "Point", "coordinates": [13.4241807, 52.499793]}, "properties": {"id": "r0347", "name": "Morimori Ramen", "typ": "Asia", "status": "besucht", "q": "unbewertet", "p": "normal", "notiz": "", "tags": "", "besucht_am": ""}}, {"type": "Feature", "geometry": {"type": "Point", "coordinates": [13.4009114, 52.5276577]}, "properties": {"id": "r0348", "name": "Mozzarella Bar & Bottega - Al Contadino sotto le Stelle", "typ": "Restaurant", "status": "besucht", "q": "unbewertet", "p": "normal", "notiz": "", "tags": "", "besucht_am": ""}}, {"type": "Feature", "geometry": {"type": "Point", "coordinates": [13.4255722, 52.5435332]}, "properties": {"id": "r0349", "name": "Mo’s Coffee", "typ": "Café", "status": "besucht", "q": "unbewertet", "p": "normal", "notiz": "", "tags": "", "besucht_am": ""}}, {"type": "Feature", "geometry": {"type": "Point", "coordinates": [13.3957051, 52.5244194]}, "properties": {"id": "r0350", "name": "Mr. Susan", "typ": "Bar", "status": "besucht", "q": "top", "p": "normal", "notiz": "", "tags": "", "besucht_am": ""}}, {"type": "Feature", "geometry": {"type": "Point", "coordinates": [13.403442, 52.527492]}, "properties": {"id": "r0351", "name": "Muret la Barba", "typ": "Restaurant", "status": "besucht", "q": "unbewertet", "p": "normal", "notiz": "", "tags": "", "besucht_am": ""}}, {"type": "Feature", "geometry": {"type": "Point", "coordinates": [13.42109, 52.49517]}, "properties": {"id": "r0352", "name": "Musashi", "typ": "Sushi", "status": "besucht", "q": "gut", "p": "guenstig", "notiz": "", "tags": "", "besucht_am": ""}}, {"type": "Feature", "geometry": {"type": "Point", "coordinates": [13.388034, 52.493814]}, "properties": {"id": "r0353", "name": "Mustafa's Gemüse Kebap", "typ": "Imbiss", "status": "besucht", "q": "gut", "p": "guenstig", "notiz": "", "tags": "", "besucht_am": ""}}, {"type": "Feature", "geometry": {"type": "Point", "coordinates": [13.451154, 52.510066]}, "properties": {"id": "r0354", "name": "Mustafas Gemüse Döner", "typ": "Imbiss", "status": "besucht", "q": "gut", "p": "guenstig", "notiz": "", "tags": "", "besucht_am": ""}}, {"type": "Feature", "geometry": {"type": "Point", "coordinates": [13.452776, 52.508547]}, "properties": {"id": "r0355", "name": "Mutzenbacher Restaurant", "typ": "Restaurant", "status": "besucht", "q": "unbewertet", "p": "normal", "notiz": "", "tags": "", "besucht_am": ""}}, {"type": "Feature", "geometry": {"type": "Point", "coordinates": [13.3974889, 52.5272417]}, "properties": {"id": "r0356", "name": "My Bar ICI", "typ": "Kneipe", "status": "besucht", "q": "top", "p": "normal", "notiz": "", "tags": "", "besucht_am": ""}}, {"type": "Feature", "geometry": {"type": "Point", "coordinates": [13.4452655, 52.4995533]}, "properties": {"id": "r0357", "name": "Mysliwska", "typ": "Kneipe", "status": "besucht", "q": "top", "p": "normal", "notiz": "", "tags": "", "besucht_am": ""}}, {"type": "Feature", "geometry": {"type": "Point", "coordinates": [13.426709, 52.490273]}, "properties": {"id": "r0358", "name": "Myxa Berlin", "typ": "Café", "status": "besucht", "q": "top", "p": "normal", "notiz": "", "tags": "", "besucht_am": ""}}, {"type": "Feature", "geometry": {"type": "Point", "coordinates": [13.407812, 52.526921]}, "properties": {"id": "r0359", "name": "Mädchenitaliener", "typ": "Restaurant", "status": "besucht", "q": "unbewertet", "p": "normal", "notiz": "", "tags": "", "besucht_am": ""}}, {"type": "Feature", "geometry": {"type": "Point", "coordinates": [13.417503, 52.500045]}, "properties": {"id": "r0360", "name": "Möbel Olfe", "typ": "Bar", "status": "besucht", "q": "unbewertet", "p": "normal", "notiz": "", "tags": "", "besucht_am": ""}}, {"type": "Feature", "geometry": {"type": "Point", "coordinates": [13.4050309, 52.5341574]}, "properties": {"id": "r0361", "name": "NAUTA Berlín", "typ": "Fisch", "status": "besucht", "q": "unbewertet", "p": "normal", "notiz": "", "tags": "", "besucht_am": ""}}, {"type": "Feature", "geometry": {"type": "Point", "coordinates": [13.33776, 52.50572]}, "properties": {"id": "r0362", "name": "NENI Berlin", "typ": "Restaurant", "status": "besucht", "q": "unbewertet", "p": "normal", "notiz": "", "tags": "", "besucht_am": ""}}, {"type": "Feature", "geometry": {"type": "Point", "coordinates": [13.4206186, 52.5428103]}, "properties": {"id": "r0363", "name": "NEO1", "typ": "Restaurant", "status": "besucht", "q": "unbewertet", "p": "normal", "notiz": "", "tags": "", "besucht_am": ""}}, {"type": "Feature", "geometry": {"type": "Point", "coordinates": [13.40579, 52.529619]}, "properties": {"id": "r0364", "name": "Neue Odessa Bar", "typ": "Bar", "status": "besucht", "q": "unbewertet", "p": "ueberteuert", "notiz": "", "tags": "", "besucht_am": ""}}, {"type": "Feature", "geometry": {"type": "Point", "coordinates": [13.4581081, 52.5103081]}, "properties": {"id": "r0365", "name": "Neumanns Café", "typ": "Café", "status": "besucht", "q": "unbewertet", "p": "normal", "notiz": "", "tags": "", "besucht_am": ""}}, {"type": "Feature", "geometry": {"type": "Point", "coordinates": [13.390939, 52.51287]}, "properties": {"id": "r0366", "name": "Newton Bar", "typ": "Bar", "status": "besucht", "q": "unbewertet", "p": "ueberteuert", "notiz": "", "tags": "", "besucht_am": ""}}, {"type": "Feature", "geometry": {"type": "Point", "coordinates": [13.3939892, 52.5256149]}, "properties": {"id": "r0367", "name": "Night Kitchen", "typ": "Restaurant", "status": "besucht", "q": "unbewertet", "p": "ueberteuert", "notiz": "", "tags": "", "besucht_am": ""}}, {"type": "Feature", "geometry": {"type": "Point", "coordinates": [13.4004031, 52.5228386]}, "properties": {"id": "r0368", "name": "Ni’s Restaurant 倪记", "typ": "Asia", "status": "besucht", "q": "unbewertet", "p": "normal", "notiz": "", "tags": "", "besucht_am": ""}}, {"type": "Feature", "geometry": {"type": "Point", "coordinates": [13.3895639, 52.5294207]}, "properties": {"id": "r0369", "name": "Nomad - Breakfast & Dinner", "typ": "Frühstück", "status": "besucht", "q": "unbewertet", "p": "normal", "notiz": "", "tags": "", "besucht_am": ""}}, {"type": "Feature", "geometry": {"type": "Point", "coordinates": [13.4172401, 52.53804]}, "properties": {"id": "r0370", "name": "NOVEMBER Brasserie", "typ": "Sushi", "status": "besucht", "q": "unbewertet", "p": "ueberteuert", "notiz": "", "tags": "", "besucht_am": ""}}, {"type": "Feature", "geometry": {"type": "Point", "coordinates": [13.406041, 52.540116]}, "properties": {"id": "r0371", "name": "Oderquelle", "typ": "Restaurant", "status": "besucht", "q": "unbewertet", "p": "normal", "notiz": "", "tags": "", "besucht_am": ""}}, {"type": "Feature", "geometry": {"type": "Point", "coordinates": [13.4202742, 52.5104862]}, "properties": {"id": "r0372", "name": "OHM", "typ": "Club/Livemusik", "status": "besucht", "q": "unbewertet", "p": "normal", "notiz": "", "tags": "", "besucht_am": ""}}, {"type": "Feature", "geometry": {"type": "Point", "coordinates": [13.408967, 52.549173]}, "properties": {"id": "r0373", "name": "Omoni", "typ": "Sushi", "status": "besucht", "q": "top", "p": "normal", "notiz": "", "tags": "", "besucht_am": ""}}, {"type": "Feature", "geometry": {"type": "Point", "coordinates": [13.406056, 52.546916]}, "properties": {"id": "r0374", "name": "Onkel Ho", "typ": "Asia", "status": "besucht", "q": "unbewertet", "p": "normal", "notiz": "", "tags": "", "besucht_am": ""}}, {"type": "Feature", "geometry": {"type": "Point", "coordinates": [13.4159187, 52.5013856]}, "properties": {"id": "r0375", "name": "ORA", "typ": "Restaurant", "status": "besucht", "q": "unbewertet", "p": "normal", "notiz": "", "tags": "", "besucht_am": ""}}, {"type": "Feature", "geometry": {"type": "Point", "coordinates": [13.4168669, 52.5022169]}, "properties": {"id": "r0376", "name": "Orania.Restaurant & Orania.Bar", "typ": "Restaurant", "status": "besucht", "q": "unbewertet", "p": "ueberteuert", "notiz": "", "tags": "", "besucht_am": ""}}, {"type": "Feature", "geometry": {"type": "Point", "coordinates": [13.4147207, 52.5430228]}, "properties": {"id": "r0377", "name": "Osmans Töchter", "typ": "Restaurant", "status": "besucht", "q": "top", "p": "normal", "notiz": "", "tags": "", "besucht_am": ""}}, {"type": "Feature", "geometry": {"type": "Point", "coordinates": [13.3426742, 52.4962044]}, "properties": {"id": "r0378", "name": "Osteria Ribaltone", "typ": "Restaurant", "status": "besucht", "q": "top", "p": "normal", "notiz": "", "tags": "", "besucht_am": ""}}, {"type": "Feature", "geometry": {"type": "Point", "coordinates": [13.326917, 52.505405]}, "properties": {"id": "r0379", "name": "Ottenthal", "typ": "Restaurant", "status": "besucht", "q": "top", "p": "normal", "notiz": "", "tags": "", "besucht_am": ""}}, {"type": "Feature", "geometry": {"type": "Point", "coordinates": [13.410208, 52.5381781]}, "properties": {"id": "r0380", "name": "otto", "typ": "Restaurant", "status": "besucht", "q": "top", "p": "normal", "notiz": "", "tags": "", "besucht_am": ""}}, {"type": "Feature", "geometry": {"type": "Point", "coordinates": [13.3173677, 52.5020561]}, "properties": {"id": "r0381", "name": "Ovest", "typ": "Restaurant", "status": "besucht", "q": "unbewertet", "p": "normal", "notiz": "", "tags": "", "besucht_am": ""}}, {"type": "Feature", "geometry": {"type": "Point", "coordinates": [13.3654465, 52.5012177]}, "properties": {"id": "r0382", "name": "Panama Restaurant & Bar", "typ": "Restaurant", "status": "besucht", "q": "unbewertet", "p": "normal", "notiz": "", "tags": "", "besucht_am": ""}}, {"type": "Feature", "geometry": {"type": "Point", "coordinates": [13.386995, 52.526642]}, "properties": {"id": "r0383", "name": "PANTRY", "typ": "Restaurant", "status": "besucht", "q": "unbewertet", "p": "ueberteuert", "notiz": "", "tags": "", "besucht_am": ""}}, {"type": "Feature", "geometry": {"type": "Point", "coordinates": [13.310465, 52.506308]}, "properties": {"id": "r0384", "name": "papaya", "typ": "Asia", "status": "besucht", "q": "top", "p": "normal", "notiz": "", "tags": "", "besucht_am": ""}}, {"type": "Feature", "geometry": {"type": "Point", "coordinates": [13.408632, 52.534397]}, "properties": {"id": "r0385", "name": "Pappa e Ciccia", "typ": "Restaurant", "status": "besucht", "q": "unbewertet", "p": "normal", "notiz": "", "tags": "", "besucht_am": ""}}, {"type": "Feature", "geometry": {"type": "Point", "coordinates": [13.32627, 52.505421]}, "properties": {"id": "r0386", "name": "Paris Bar", "typ": "Restaurant", "status": "besucht", "q": "unbewertet", "p": "normal", "notiz": "", "tags": "", "besucht_am": ""}}, {"type": "Feature", "geometry": {"type": "Point", "coordinates": [13.4177834, 52.5468798]}, "properties": {"id": "r0387", "name": "Pasta & Vino", "typ": "Restaurant", "status": "besucht", "q": "unbewertet", "p": "normal", "notiz": "", "tags": "", "besucht_am": ""}}, {"type": "Feature", "geometry": {"type": "Point", "coordinates": [13.402662, 52.531083]}, "properties": {"id": "r0388", "name": "Pastelaria A Galão", "typ": "Café", "status": "besucht", "q": "top", "p": "normal", "notiz": "", "tags": "", "besucht_am": ""}}, {"type": "Feature", "geometry": {"type": "Point", "coordinates": [13.4083891, 52.5470767]}, "properties": {"id": "r0389", "name": "Pattaya", "typ": "Asia", "status": "besucht", "q": "unbewertet", "p": "normal", "notiz": "", "tags": "", "besucht_am": ""}}, {"type": "Feature", "geometry": {"type": "Point", "coordinates": [13.456827, 52.510718]}, "properties": {"id": "r0390", "name": "Paules Metal Eck", "typ": "Kneipe", "status": "besucht", "q": "unbewertet", "p": "normal", "notiz": "", "tags": "", "besucht_am": ""}}, {"type": "Feature", "geometry": {"type": "Point", "coordinates": [13.3961644, 52.528944]}, "properties": {"id": "r0391", "name": "Pawn Dot Com Bar", "typ": "Bar", "status": "besucht", "q": "unbewertet", "p": "normal", "notiz": "", "tags": "", "besucht_am": ""}}, {"type": "Feature", "geometry": {"type": "Point", "coordinates": [13.434405, 52.53172]}, "properties": {"id": "r0392", "name": "Pepe Nero Trattoria-Pizzeria", "typ": "Pizza", "status": "besucht", "q": "unbewertet", "p": "normal", "notiz": "", "tags": "", "besucht_am": ""}}, {"type": "Feature", "geometry": {"type": "Point", "coordinates": [13.4042323, 52.5299474]}, "properties": {"id": "r0393", "name": "PeterPaul", "typ": "Restaurant", "status": "besucht", "q": "unbewertet", "p": "normal", "notiz": "", "tags": "", "besucht_am": ""}}, {"type": "Feature", "geometry": {"type": "Point", "coordinates": [13.3938699, 52.5227372]}, "properties": {"id": "r0394", "name": "petit bijou", "typ": "Frühstück", "status": "besucht", "q": "unbewertet", "p": "normal", "notiz": "", "tags": "", "besucht_am": ""}}, {"type": "Feature", "geometry": {"type": "Point", "coordinates": [13.3884163, 52.5291672]}, "properties": {"id": "r0395", "name": "Petrarca", "typ": "Weinbar", "status": "besucht", "q": "top", "p": "normal", "notiz": "", "tags": "", "besucht_am": ""}}, {"type": "Feature", "geometry": {"type": "Point", "coordinates": [13.387848, 52.5264349]}, "properties": {"id": "r0396", "name": "PHO - Noodlebar (Mitte)", "typ": "Asia", "status": "besucht", "q": "unbewertet", "p": "normal", "notiz": "", "tags": "", "besucht_am": ""}}, {"type": "Feature", "geometry": {"type": "Point", "coordinates": [13.41074, 52.52517]}, "properties": {"id": "r0397", "name": "Pho Co Restaurant", "typ": "Asia", "status": "besucht", "q": "top", "p": "normal", "notiz": "", "tags": "", "besucht_am": ""}}, {"type": "Feature", "geometry": {"type": "Point", "coordinates": [13.4025829, 52.529583]}, "properties": {"id": "r0398", "name": "Pik As", "typ": "Kneipe", "status": "besucht", "q": "gut", "p": "guenstig", "notiz": "", "tags": "", "besucht_am": ""}}, {"type": "Feature", "geometry": {"type": "Point", "coordinates": [13.3944603, 52.4923021]}, "properties": {"id": "r0399", "name": "Pizza Meister Berlin", "typ": "Pizza", "status": "besucht", "q": "gut", "p": "guenstig", "notiz": "", "tags": "", "besucht_am": ""}}, {"type": "Feature", "geometry": {"type": "Point", "coordinates": [13.396356, 52.532069]}, "properties": {"id": "r0400", "name": "Pizzeria Ristorante Papa Pane di Sorrento", "typ": "Pizza", "status": "besucht", "q": "top", "p": "normal", "notiz": "", "tags": "", "besucht_am": ""}}, {"type": "Feature", "geometry": {"type": "Point", "coordinates": [13.3437421, 52.4840047]}, "properties": {"id": "r0401", "name": "Platzhirsch", "typ": "Biergarten", "status": "besucht", "q": "unbewertet", "p": "normal", "notiz": "", "tags": "", "besucht_am": ""}}, {"type": "Feature", "geometry": {"type": "Point", "coordinates": [13.394346, 52.528425]}, "properties": {"id": "r0402", "name": "Poveracci", "typ": "Restaurant", "status": "besucht", "q": "unbewertet", "p": "normal", "notiz": "", "tags": "", "besucht_am": ""}}, {"type": "Feature", "geometry": {"type": "Point", "coordinates": [13.410575, 52.539768]}, "properties": {"id": "r0403", "name": "Prater", "typ": "Biergarten", "status": "besucht", "q": "unbewertet", "p": "normal", "notiz": "", "tags": "", "besucht_am": ""}}, {"type": "Feature", "geometry": {"type": "Point", "coordinates": [13.433536, 52.5314613]}, "properties": {"id": "r0404", "name": "Preeda", "typ": "Asia", "status": "besucht", "q": "unbewertet", "p": "normal", "notiz": "", "tags": "", "besucht_am": ""}}, {"type": "Feature", "geometry": {"type": "Point", "coordinates": [13.408719, 52.503273]}, "properties": {"id": "r0405", "name": "Prince Charles", "typ": "Club/Livemusik", "status": "besucht", "q": "unbewertet", "p": "normal", "notiz": "", "tags": "", "besucht_am": ""}}, {"type": "Feature", "geometry": {"type": "Point", "coordinates": [13.393029, 52.526761]}, "properties": {"id": "r0406", "name": "Princess Cheesecake", "typ": "Café", "status": "besucht", "q": "top", "p": "normal", "notiz": "", "tags": "", "besucht_am": ""}}, {"type": "Feature", "geometry": {"type": "Point", "coordinates": [13.41964, 52.50093]}, "properties": {"id": "r0407", "name": "Prinzipal Kreuzberg", "typ": "Bar", "status": "besucht", "q": "top", "p": "normal", "notiz": "", "tags": "", "besucht_am": ""}}, {"type": "Feature", "geometry": {"type": "Point", "coordinates": [13.4186475, 52.5466749]}, "properties": {"id": "r0408", "name": "Pursuit of Coffee", "typ": "Café", "status": "besucht", "q": "unbewertet", "p": "normal", "notiz": "", "tags": "", "besucht_am": ""}}, {"type": "Feature", "geometry": {"type": "Point", "coordinates": [13.4725162, 52.5164664]}, "properties": {"id": "r0409", "name": "QG - Café Français", "typ": "Frühstück", "status": "besucht", "q": "unbewertet", "p": "normal", "notiz": "", "tags": "", "besucht_am": ""}}, {"type": "Feature", "geometry": {"type": "Point", "coordinates": [13.3849173, 52.5213117]}, "properties": {"id": "r0410", "name": "Refinery High End Coffee", "typ": "Café", "status": "besucht", "q": "top", "p": "normal", "notiz": "", "tags": "", "besucht_am": ""}}, {"type": "Feature", "geometry": {"type": "Point", "coordinates": [13.388364, 52.528657]}, "properties": {"id": "r0411", "name": "Reingold", "typ": "Bar", "status": "besucht", "q": "unbewertet", "p": "ueberteuert", "notiz": "", "tags": "", "besucht_am": ""}}, {"type": "Feature", "geometry": {"type": "Point", "coordinates": [13.4478194, 52.5200075]}, "properties": {"id": "r0412", "name": "rembrandt-burger", "typ": "Burger", "status": "besucht", "q": "top", "p": "normal", "notiz": "", "tags": "", "besucht_am": ""}}, {"type": "Feature", "geometry": {"type": "Point", "coordinates": [13.4105324, 52.5283718]}, "properties": {"id": "r0413", "name": "Remi", "typ": "Restaurant", "status": "besucht", "q": "unbewertet", "p": "normal", "notiz": "", "tags": "", "besucht_am": ""}}, {"type": "Feature", "geometry": {"type": "Point", "coordinates": [13.400039, 52.522677]}, "properties": {"id": "r0414", "name": "Restaurant Aposto", "typ": "Pizza", "status": "besucht", "q": "unbewertet", "p": "normal", "notiz": "", "tags": "", "besucht_am": ""}}, {"type": "Feature", "geometry": {"type": "Point", "coordinates": [13.422249, 52.541102]}, "properties": {"id": "r0415", "name": "Restaurant Bricole", "typ": "Restaurant", "status": "besucht", "q": "top", "p": "teuer", "notiz": "", "tags": "", "besucht_am": ""}}, {"type": "Feature", "geometry": {"type": "Point", "coordinates": [13.399358, 52.5227699]}, "properties": {"id": "r0416", "name": "Restaurant Dae Mon", "typ": "Asia", "status": "besucht", "q": "unbewertet", "p": "ueberteuert", "notiz": "", "tags": "", "besucht_am": ""}}, {"type": "Feature", "geometry": {"type": "Point", "coordinates": [13.4246048, 52.5328228]}, "properties": {"id": "r0417", "name": "Restaurant Herr Rossi", "typ": "Restaurant", "status": "besucht", "q": "top", "p": "normal", "notiz": "", "tags": "", "besucht_am": ""}}, {"type": "Feature", "geometry": {"type": "Point", "coordinates": [13.4605971, 52.5113]}, "properties": {"id": "r0418", "name": "Restaurant Kurhaus Korsakow", "typ": "Frühstück", "status": "besucht", "q": "unbewertet", "p": "normal", "notiz": "", "tags": "", "besucht_am": ""}}, {"type": "Feature", "geometry": {"type": "Point", "coordinates": [13.4204741, 52.5337929]}, "properties": {"id": "r0419", "name": "Restaurant Masel Topf", "typ": "Restaurant", "status": "besucht", "q": "unbewertet", "p": "normal", "notiz": "", "tags": "", "besucht_am": ""}}, {"type": "Feature", "geometry": {"type": "Point", "coordinates": [13.45802, 52.510781]}, "properties": {"id": "r0420", "name": "Restaurant Papaya", "typ": "Asia", "status": "besucht", "q": "top", "p": "normal", "notiz": "", "tags": "", "besucht_am": ""}}, {"type": "Feature", "geometry": {"type": "Point", "coordinates": [13.4187, 52.534798]}, "properties": {"id": "r0421", "name": "Restaurant Pasternak", "typ": "Frühstück", "status": "besucht", "q": "unbewertet", "p": "normal", "notiz": "", "tags": "", "besucht_am": ""}}, {"type": "Feature", "geometry": {"type": "Point", "coordinates": [13.435281, 52.504219]}, "properties": {"id": "r0422", "name": "Restaurant Richard", "typ": "Restaurant", "status": "besucht", "q": "gut", "p": "ueberteuert", "notiz": "[Migration: war rot = gut, aber zu teuer]", "tags": "", "besucht_am": ""}}, {"type": "Feature", "geometry": {"type": "Point", "coordinates": [13.434621, 52.52869]}, "properties": {"id": "r0423", "name": "Restaurant Schoenbrunn", "typ": "Biergarten", "status": "besucht", "q": "unbewertet", "p": "normal", "notiz": "", "tags": "", "besucht_am": ""}}, {"type": "Feature", "geometry": {"type": "Point", "coordinates": [13.433982, 52.528069]}, "properties": {"id": "r0424", "name": "Restaurant Schoenbrunn", "typ": "Frühstück", "status": "besucht", "q": "unbewertet", "p": "normal", "notiz": "", "tags": "", "besucht_am": ""}}, {"type": "Feature", "geometry": {"type": "Point", "coordinates": [13.3993351, 52.5275706]}, "properties": {"id": "r0425", "name": "Restaurant SIMON", "typ": "Restaurant", "status": "besucht", "q": "unbewertet", "p": "normal", "notiz": "", "tags": "", "besucht_am": ""}}, {"type": "Feature", "geometry": {"type": "Point", "coordinates": [13.39329, 52.52625]}, "properties": {"id": "r0426", "name": "Restaurant und Bar Keyser soze", "typ": "Kneipe", "status": "besucht", "q": "unbewertet", "p": "normal", "notiz": "", "tags": "", "besucht_am": ""}}, {"type": "Feature", "geometry": {"type": "Point", "coordinates": [13.39329, 52.52625]}, "properties": {"id": "r0427", "name": "Restaurant und Bar Keyser soze", "typ": "Frühstück", "status": "besucht", "q": "unbewertet", "p": "normal", "notiz": "", "tags": "", "besucht_am": ""}}, {"type": "Feature", "geometry": {"type": "Point", "coordinates": [13.4166701, 52.54331]}, "properties": {"id": "r0428", "name": "Restaurant-Café-Bar Houdini", "typ": "Asia", "status": "besucht", "q": "unbewertet", "p": "normal", "notiz": "", "tags": "", "besucht_am": ""}}, {"type": "Feature", "geometry": {"type": "Point", "coordinates": [13.4101299, 52.5480524]}, "properties": {"id": "r0429", "name": "Rhinoçéros", "typ": "Bar", "status": "besucht", "q": "top", "p": "normal", "notiz": "", "tags": "", "besucht_am": ""}}, {"type": "Feature", "geometry": {"type": "Point", "coordinates": [13.3447117, 52.4810383]}, "properties": {"id": "r0430", "name": "Ri Trovo", "typ": "Restaurant", "status": "besucht", "q": "top", "p": "normal", "notiz": "", "tags": "", "besucht_am": ""}}, {"type": "Feature", "geometry": {"type": "Point", "coordinates": [13.4125702, 52.5408155]}, "properties": {"id": "r0431", "name": "RISA Chicken", "typ": "Imbiss", "status": "besucht", "q": "unbewertet", "p": "normal", "notiz": "", "tags": "", "besucht_am": ""}}, {"type": "Feature", "geometry": {"type": "Point", "coordinates": [13.427452, 52.519341]}, "properties": {"id": "r0432", "name": "Ristorante a Mano", "typ": "Restaurant", "status": "besucht", "q": "top", "p": "normal", "notiz": "", "tags": "", "besucht_am": ""}}, {"type": "Feature", "geometry": {"type": "Point", "coordinates": [13.332617, 52.486241]}, "properties": {"id": "r0433", "name": "Ristorante L'angolo", "typ": "Restaurant", "status": "besucht", "q": "top", "p": "normal", "notiz": "", "tags": "", "besucht_am": ""}}, {"type": "Feature", "geometry": {"type": "Point", "coordinates": [13.3942209, 52.5258685]}, "properties": {"id": "r0434", "name": "Ristorante Pizzeria Garda", "typ": "Restaurant", "status": "besucht", "q": "top", "p": "normal", "notiz": "", "tags": "", "besucht_am": ""}}, {"type": "Feature", "geometry": {"type": "Point", "coordinates": [13.3281001, 52.4782403]}, "properties": {"id": "r0435", "name": "Ristorante Roma", "typ": "Restaurant", "status": "besucht", "q": "unbewertet", "p": "normal", "notiz": "", "tags": "", "besucht_am": ""}}, {"type": "Feature", "geometry": {"type": "Point", "coordinates": [13.391415, 52.506662]}, "properties": {"id": "r0436", "name": "Ristorante Sale e Tabacchi", "typ": "Restaurant", "status": "besucht", "q": "unbewertet", "p": "normal", "notiz": "", "tags": "", "besucht_am": ""}}, {"type": "Feature", "geometry": {"type": "Point", "coordinates": [13.4082552, 52.5028662]}, "properties": {"id": "r0437", "name": "Ritter Butzke", "typ": "Club/Livemusik", "status": "besucht", "q": "top", "p": "normal", "notiz": "", "tags": "", "besucht_am": ""}}, {"type": "Feature", "geometry": {"type": "Point", "coordinates": [13.3666316, 52.5030596]}, "properties": {"id": "r0438", "name": "rocket + basil", "typ": "Restaurant", "status": "besucht", "q": "gut", "p": "guenstig", "notiz": "", "tags": "", "besucht_am": ""}}, {"type": "Feature", "geometry": {"type": "Point", "coordinates": [13.305276, 52.5129]}, "properties": {"id": "r0439", "name": "Rogacki", "typ": "Fisch", "status": "besucht", "q": "top", "p": "normal", "notiz": "", "tags": "", "besucht_am": ""}}, {"type": "Feature", "geometry": {"type": "Point", "coordinates": [13.421684, 52.500494]}, "properties": {"id": "r0440", "name": "Roses", "typ": "Bar", "status": "besucht", "q": "unbewertet", "p": "normal", "notiz": "", "tags": "", "besucht_am": ""}}, {"type": "Feature", "geometry": {"type": "Point", "coordinates": [13.419306, 52.496584]}, "properties": {"id": "r0441", "name": "Roter Rabe", "typ": "Bar", "status": "besucht", "q": "top", "p": "normal", "notiz": "", "tags": "", "besucht_am": ""}}, {"type": "Feature", "geometry": {"type": "Point", "coordinates": [13.402987, 52.5126612]}, "properties": {"id": "r0442", "name": "Rotisserie Weingrün", "typ": "Restaurant", "status": "besucht", "q": "top", "p": "normal", "notiz": "", "tags": "", "besucht_am": ""}}, {"type": "Feature", "geometry": {"type": "Point", "coordinates": [13.3959643, 52.5289076]}, "properties": {"id": "r0443", "name": "royals & rice Berlin", "typ": "Asia", "status": "besucht", "q": "unbewertet", "p": "normal", "notiz": "", "tags": "", "besucht_am": ""}}, {"type": "Feature", "geometry": {"type": "Point", "coordinates": [13.386413, 52.528294]}, "properties": {"id": "r0444", "name": "Rutz - Restaurant und Weinbar", "typ": "Restaurant", "status": "besucht", "q": "top", "p": "teuer", "notiz": "", "tags": "", "besucht_am": ""}}, {"type": "Feature", "geometry": {"type": "Point", "coordinates": [13.4211728, 52.5376849]}, "properties": {"id": "r0445", "name": "Ryke", "typ": "Restaurant", "status": "besucht", "q": "top", "p": "normal", "notiz": "", "tags": "", "besucht_am": ""}}, {"type": "Feature", "geometry": {"type": "Point", "coordinates": [13.3974463, 52.5290239]}, "properties": {"id": "r0446", "name": "Röststätte", "typ": "Café", "status": "besucht", "q": "top", "p": "normal", "notiz": "", "tags": "", "besucht_am": ""}}, {"type": "Feature", "geometry": {"type": "Point", "coordinates": [13.4022848, 52.5241984]}, "properties": {"id": "r0447", "name": "Röststätte Berlin", "typ": "Café", "status": "besucht", "q": "top", "p": "normal", "notiz": "", "tags": "", "besucht_am": ""}}, {"type": "Feature", "geometry": {"type": "Point", "coordinates": [13.316974, 52.5138084]}, "properties": {"id": "r0448", "name": "Rüya Gemüse Kebap", "typ": "Imbiss", "status": "besucht", "q": "gut", "p": "guenstig", "notiz": "", "tags": "", "besucht_am": ""}}, {"type": "Feature", "geometry": {"type": "Point", "coordinates": [13.4125814, 52.5405338]}, "properties": {"id": "r0449", "name": "Rüyam Gemüse Kebab 2", "typ": "Imbiss", "status": "besucht", "q": "gut", "p": "guenstig", "notiz": "", "tags": "", "besucht_am": ""}}, {"type": "Feature", "geometry": {"type": "Point", "coordinates": [13.4106995, 52.5475979]}, "properties": {"id": "r0450", "name": "Saaky", "typ": "Restaurant", "status": "besucht", "q": "unbewertet", "p": "normal", "notiz": "", "tags": "", "besucht_am": ""}}, {"type": "Feature", "geometry": {"type": "Point", "coordinates": [13.4214104, 52.5453541]}, "properties": {"id": "r0451", "name": "Sadhu Prenzlauer Berg", "typ": "Asia", "status": "besucht", "q": "top", "p": "normal", "notiz": "", "tags": "", "besucht_am": ""}}, {"type": "Feature", "geometry": {"type": "Point", "coordinates": [13.4326079, 52.5056562]}, "properties": {"id": "r0452", "name": "Sage Restaurant", "typ": "Restaurant", "status": "besucht", "q": "unbewertet", "p": "ueberteuert", "notiz": "", "tags": "", "besucht_am": ""}}, {"type": "Feature", "geometry": {"type": "Point", "coordinates": [13.320837, 52.50605]}, "properties": {"id": "r0453", "name": "Saigon Green", "typ": "Asia", "status": "besucht", "q": "top", "p": "normal", "notiz": "", "tags": "", "besucht_am": ""}}, {"type": "Feature", "geometry": {"type": "Point", "coordinates": [13.3883321, 52.5293248]}, "properties": {"id": "r0454", "name": "sakura", "typ": "Café", "status": "besucht", "q": "unbewertet", "p": "normal", "notiz": "", "tags": "", "besucht_am": ""}}, {"type": "Feature", "geometry": {"type": "Point", "coordinates": [13.3938062, 52.5287003]}, "properties": {"id": "r0455", "name": "Salamat", "typ": "Restaurant", "status": "besucht", "q": "gut", "p": "guenstig", "notiz": "", "tags": "", "besucht_am": ""}}, {"type": "Feature", "geometry": {"type": "Point", "coordinates": [13.4633505, 52.5150822]}, "properties": {"id": "r0456", "name": "Salami Social Club", "typ": "Pizza", "status": "besucht", "q": "gut", "p": "guenstig", "notiz": "", "tags": "", "besucht_am": ""}}, {"type": "Feature", "geometry": {"type": "Point", "coordinates": [13.4655289, 52.4975709]}, "properties": {"id": "r0457", "name": "Salon zur wilden Renate", "typ": "Club/Livemusik", "status": "besucht", "q": "unbewertet", "p": "normal", "notiz": "", "tags": "", "besucht_am": ""}}, {"type": "Feature", "geometry": {"type": "Point", "coordinates": [13.4538144, 52.5121505]}, "properties": {"id": "r0458", "name": "Salsabil", "typ": "Imbiss", "status": "besucht", "q": "unbewertet", "p": "normal", "notiz": "", "tags": "", "besucht_am": ""}}, {"type": "Feature", "geometry": {"type": "Point", "coordinates": [13.3992822, 52.5262981]}, "properties": {"id": "r0459", "name": "SammyS Berliner Donuts", "typ": "Café", "status": "besucht", "q": "unbewertet", "p": "normal", "notiz": "", "tags": "", "besucht_am": ""}}, {"type": "Feature", "geometry": {"type": "Point", "coordinates": [13.4146945, 52.5269769]}, "properties": {"id": "r0460", "name": "SAN", "typ": "Sushi", "status": "besucht", "q": "top", "p": "teuer", "notiz": "", "tags": "", "besucht_am": ""}}, {"type": "Feature", "geometry": {"type": "Point", "coordinates": [13.3869873, 52.5264478]}, "properties": {"id": "r0461", "name": "Sanku Maots'ai 三顾冒菜", "typ": "Asia", "status": "besucht", "q": "unbewertet", "p": "normal", "notiz": "", "tags": "", "besucht_am": ""}}, {"type": "Feature", "geometry": {"type": "Point", "coordinates": [13.3970636, 52.5294637]}, "properties": {"id": "r0462", "name": "Sant Buena", "typ": "Frühstück", "status": "besucht", "q": "unbewertet", "p": "ueberteuert", "notiz": "", "tags": "", "besucht_am": ""}}, {"type": "Feature", "geometry": {"type": "Point", "coordinates": [13.4177023, 52.501597]}, "properties": {"id": "r0463", "name": "Santa Maria", "typ": "Restaurant", "status": "besucht", "q": "unbewertet", "p": "normal", "notiz": "", "tags": "", "besucht_am": ""}}, {"type": "Feature", "geometry": {"type": "Point", "coordinates": [13.43401, 52.531868]}, "properties": {"id": "r0464", "name": "Saphire Bar", "typ": "Bar", "status": "besucht", "q": "unbewertet", "p": "ueberteuert", "notiz": "", "tags": "", "besucht_am": ""}}, {"type": "Feature", "geometry": {"type": "Point", "coordinates": [13.3761846, 52.5102496]}, "properties": {"id": "r0465", "name": "Saravanaa Bhavan", "typ": "Asia", "status": "besucht", "q": "unbewertet", "p": "normal", "notiz": "", "tags": "", "besucht_am": ""}}, {"type": "Feature", "geometry": {"type": "Point", "coordinates": [13.4185897, 52.5443009]}, "properties": {"id": "r0466", "name": "Sasaya", "typ": "Sushi", "status": "besucht", "q": "top", "p": "normal", "notiz": "", "tags": "", "besucht_am": ""}}, {"type": "Feature", "geometry": {"type": "Point", "coordinates": [13.4211053, 52.5367593]}, "properties": {"id": "r0467", "name": "Sathutu", "typ": "Restaurant", "status": "besucht", "q": "unbewertet", "p": "normal", "notiz": "", "tags": "", "besucht_am": ""}}, {"type": "Feature", "geometry": {"type": "Point", "coordinates": [13.407624, 52.549132]}, "properties": {"id": "r0468", "name": "Schland Hütte (Pizzahütte)", "typ": "Pizza", "status": "besucht", "q": "unbewertet", "p": "normal", "notiz": "", "tags": "", "besucht_am": ""}}, {"type": "Feature", "geometry": {"type": "Point", "coordinates": [13.335815, 52.511258]}, "properties": {"id": "r0469", "name": "Schleusenkrug", "typ": "Biergarten", "status": "besucht", "q": "unbewertet", "p": "normal", "notiz": "", "tags": "", "besucht_am": ""}}, {"type": "Feature", "geometry": {"type": "Point", "coordinates": [13.4052558, 52.5293112]}, "properties": {"id": "r0470", "name": "Schmittz", "typ": "Kneipe", "status": "besucht", "q": "unbewertet", "p": "normal", "notiz": "", "tags": "", "besucht_am": ""}}, {"type": "Feature", "geometry": {"type": "Point", "coordinates": [13.458154, 52.508697]}, "properties": {"id": "r0471", "name": "Schneeweiss", "typ": "Restaurant", "status": "besucht", "q": "top", "p": "normal", "notiz": "", "tags": "", "besucht_am": ""}}, {"type": "Feature", "geometry": {"type": "Point", "coordinates": [13.3878853, 52.5285831]}, "properties": {"id": "r0472", "name": "Schnitzelei Mitte", "typ": "Restaurant", "status": "besucht", "q": "unbewertet", "p": "normal", "notiz": "", "tags": "", "besucht_am": ""}}, {"type": "Feature", "geometry": {"type": "Point", "coordinates": [13.397194, 52.529811]}, "properties": {"id": "r0473", "name": "Schokoladen", "typ": "Kneipe", "status": "besucht", "q": "unbewertet", "p": "normal", "notiz": "", "tags": "", "besucht_am": ""}}, {"type": "Feature", "geometry": {"type": "Point", "coordinates": [13.406197, 52.532463]}, "properties": {"id": "r0474", "name": "Schwarze Pumpe", "typ": "Frühstück", "status": "besucht", "q": "unbewertet", "p": "normal", "notiz": "", "tags": "", "besucht_am": ""}}, {"type": "Feature", "geometry": {"type": "Point", "coordinates": [13.43269, 52.50223]}, "properties": {"id": "r0475", "name": "Schwarze Traube", "typ": "Bar", "status": "besucht", "q": "top", "p": "normal", "notiz": "", "tags": "", "besucht_am": ""}}, {"type": "Feature", "geometry": {"type": "Point", "coordinates": [13.324118, 52.505561]}, "properties": {"id": "r0476", "name": "Schwarzes Café", "typ": "Kneipe", "status": "besucht", "q": "unbewertet", "p": "normal", "notiz": "", "tags": "", "besucht_am": ""}}, {"type": "Feature", "geometry": {"type": "Point", "coordinates": [13.392967, 52.527658]}, "properties": {"id": "r0477", "name": "Schwarzwaldstuben", "typ": "Frühstück", "status": "besucht", "q": "unbewertet", "p": "normal", "notiz": "", "tags": "", "besucht_am": ""}}, {"type": "Feature", "geometry": {"type": "Point", "coordinates": [13.447171, 52.503682]}, "properties": {"id": "r0478", "name": "Seoulkitchen", "typ": "Asia", "status": "besucht", "q": "unbewertet", "p": "normal", "notiz": "", "tags": "", "besucht_am": ""}}, {"type": "Feature", "geometry": {"type": "Point", "coordinates": [13.4531269, 52.5127049]}, "properties": {"id": "r0479", "name": "Shakespeare and Sons", "typ": "Café", "status": "besucht", "q": "unbewertet", "p": "normal", "notiz": "", "tags": "", "besucht_am": ""}}, {"type": "Feature", "geometry": {"type": "Point", "coordinates": [13.4079551, 52.5255437]}, "properties": {"id": "r0480", "name": "Shiori", "typ": "Asia", "status": "besucht", "q": "unbewertet", "p": "ueberteuert", "notiz": "", "tags": "", "besucht_am": ""}}, {"type": "Feature", "geometry": {"type": "Point", "coordinates": [13.4076359, 52.5269025]}, "properties": {"id": "r0481", "name": "Shiso Burger Alte Schönhauser", "typ": "Burger", "status": "besucht", "q": "unbewertet", "p": "normal", "notiz": "", "tags": "", "besucht_am": ""}}, {"type": "Feature", "geometry": {"type": "Point", "coordinates": [13.3987744, 52.5272762]}, "properties": {"id": "r0482", "name": "Shiso Burger Auguststrasse", "typ": "Burger", "status": "besucht", "q": "unbewertet", "p": "normal", "notiz": "", "tags": "", "besucht_am": ""}}, {"type": "Feature", "geometry": {"type": "Point", "coordinates": [13.3095662, 52.5067234]}, "properties": {"id": "r0483", "name": "Shiso Burger Kantstr", "typ": "Burger", "status": "besucht", "q": "unbewertet", "p": "normal", "notiz": "", "tags": "", "besucht_am": ""}}, {"type": "Feature", "geometry": {"type": "Point", "coordinates": [13.458342, 52.510044]}, "properties": {"id": "r0484", "name": "Silo Coffee", "typ": "Café", "status": "besucht", "q": "unbewertet", "p": "normal", "notiz": "", "tags": "", "besucht_am": ""}}, {"type": "Feature", "geometry": {"type": "Point", "coordinates": [13.4048617, 52.5235706]}, "properties": {"id": "r0485", "name": "Sisaket", "typ": "Asia", "status": "besucht", "q": "unbewertet", "p": "normal", "notiz": "", "tags": "", "besucht_am": ""}}, {"type": "Feature", "geometry": {"type": "Point", "coordinates": [13.4912974, 52.4930619]}, "properties": {"id": "r0486", "name": "Sisyphos", "typ": "Club/Livemusik", "status": "besucht", "q": "top", "p": "normal", "notiz": "", "tags": "", "besucht_am": ""}}, {"type": "Feature", "geometry": {"type": "Point", "coordinates": [13.3890738, 52.5280421]}, "properties": {"id": "r0487", "name": "Smartdeli Sushi & More", "typ": "Asia", "status": "besucht", "q": "top", "p": "normal", "notiz": "", "tags": "", "besucht_am": ""}}, {"type": "Feature", "geometry": {"type": "Point", "coordinates": [13.4008837, 52.5262061]}, "properties": {"id": "r0488", "name": "SOFI", "typ": "Café", "status": "besucht", "q": "unbewertet", "p": "ueberteuert", "notiz": "", "tags": "", "besucht_am": ""}}, {"type": "Feature", "geometry": {"type": "Point", "coordinates": [13.4596043, 52.5142688]}, "properties": {"id": "r0489", "name": "Sohnemann Bar", "typ": "Bar", "status": "besucht", "q": "top", "p": "normal", "notiz": "", "tags": "", "besucht_am": ""}}, {"type": "Feature", "geometry": {"type": "Point", "coordinates": [13.3961477, 52.5315761]}, "properties": {"id": "r0490", "name": "soopoollim", "typ": "Asia", "status": "besucht", "q": "unbewertet", "p": "normal", "notiz": "", "tags": "", "besucht_am": ""}}, {"type": "Feature", "geometry": {"type": "Point", "coordinates": [13.4027778, 52.525]}, "properties": {"id": "r0491", "name": "Sophien 11", "typ": "Restaurant", "status": "besucht", "q": "unbewertet", "p": "normal", "notiz": "", "tags": "", "besucht_am": ""}}, {"type": "Feature", "geometry": {"type": "Point", "coordinates": [13.4248537, 52.534501]}, "properties": {"id": "r0492", "name": "Sorsi e Morsi", "typ": "Bar", "status": "besucht", "q": "top", "p": "normal", "notiz": "", "tags": "", "besucht_am": ""}}, {"type": "Feature", "geometry": {"type": "Point", "coordinates": [13.42063, 52.53837]}, "properties": {"id": "r0493", "name": "Sowohl Als Auch", "typ": "Frühstück", "status": "besucht", "q": "unbewertet", "p": "normal", "notiz": "", "tags": "", "besucht_am": ""}}, {"type": "Feature", "geometry": {"type": "Point", "coordinates": [13.4275649, 52.5461236]}, "properties": {"id": "r0494", "name": "spaghetteria loreta", "typ": "Restaurant", "status": "besucht", "q": "unbewertet", "p": "normal", "notiz": "", "tags": "", "besucht_am": ""}}, {"type": "Feature", "geometry": {"type": "Point", "coordinates": [13.4138, 52.48977]}, "properties": {"id": "r0495", "name": "Speiselokal tulus lotrek", "typ": "Restaurant", "status": "besucht", "q": "top", "p": "teuer", "notiz": "", "tags": "", "besucht_am": ""}}, {"type": "Feature", "geometry": {"type": "Point", "coordinates": [13.4212215, 52.496263]}, "properties": {"id": "r0496", "name": "Spindler Restaurant Berlin", "typ": "Restaurant", "status": "besucht", "q": "unbewertet", "p": "ueberteuert", "notiz": "", "tags": "", "besucht_am": ""}}, {"type": "Feature", "geometry": {"type": "Point", "coordinates": [13.4091387, 52.522932]}, "properties": {"id": "r0497", "name": "Spreegold Store Ros 02", "typ": "Frühstück", "status": "besucht", "q": "unbewertet", "p": "normal", "notiz": "", "tags": "", "besucht_am": ""}}, {"type": "Feature", "geometry": {"type": "Point", "coordinates": [13.4023286, 52.5106213]}, "properties": {"id": "r0498", "name": "Spätzle Club", "typ": "Restaurant", "status": "besucht", "q": "gut", "p": "guenstig", "notiz": "", "tags": "", "besucht_am": ""}}, {"type": "Feature", "geometry": {"type": "Point", "coordinates": [13.401894, 52.529507]}, "properties": {"id": "r0499", "name": "St. Oberholz", "typ": "Café", "status": "besucht", "q": "unbewertet", "p": "normal", "notiz": "", "tags": "", "besucht_am": ""}}, {"type": "Feature", "geometry": {"type": "Point", "coordinates": [13.3516181, 52.4975589]}, "properties": {"id": "r0500", "name": "Stagger Lee", "typ": "Bar", "status": "besucht", "q": "top", "p": "normal", "notiz": "", "tags": "", "besucht_am": ""}}, {"type": "Feature", "geometry": {"type": "Point", "coordinates": [13.3237497, 52.4924935]}, "properties": {"id": "r0501", "name": "Stairs Bar", "typ": "Bar", "status": "besucht", "q": "unbewertet", "p": "ueberteuert", "notiz": "", "tags": "", "besucht_am": ""}}, {"type": "Feature", "geometry": {"type": "Point", "coordinates": [13.4085775, 52.5329046]}, "properties": {"id": "r0502", "name": "Standard - Serious Pizza", "typ": "Pizza", "status": "besucht", "q": "top", "p": "normal", "notiz": "", "tags": "", "besucht_am": ""}}, {"type": "Feature", "geometry": {"type": "Point", "coordinates": [13.3651086, 52.5019764]}, "properties": {"id": "r0503", "name": "Sticks'n'Sushi", "typ": "Sushi", "status": "besucht", "q": "unbewertet", "p": "ueberteuert", "notiz": "", "tags": "", "besucht_am": ""}}, {"type": "Feature", "geometry": {"type": "Point", "coordinates": [13.3967289, 52.527351]}, "properties": {"id": "r0504", "name": "Strandbad Mitte", "typ": "Frühstück", "status": "besucht", "q": "top", "p": "normal", "notiz": "", "tags": "", "besucht_am": ""}}, {"type": "Feature", "geometry": {"type": "Point", "coordinates": [13.3640581, 52.5522179]}, "properties": {"id": "r0505", "name": "Stranero", "typ": "Pizza", "status": "besucht", "q": "gut", "p": "guenstig", "notiz": "", "tags": "", "besucht_am": ""}}, {"type": "Feature", "geometry": {"type": "Point", "coordinates": [13.385326, 52.521138]}, "properties": {"id": "r0506", "name": "Ständige Vertretung", "typ": "Kneipe", "status": "besucht", "q": "unbewertet", "p": "normal", "notiz": "", "tags": "", "besucht_am": ""}}, {"type": "Feature", "geometry": {"type": "Point", "coordinates": [13.450853, 52.507272]}, "properties": {"id": "r0507", "name": "Suicide Circus", "typ": "Club/Livemusik", "status": "besucht", "q": "unbewertet", "p": "normal", "notiz": "", "tags": "", "besucht_am": ""}}, {"type": "Feature", "geometry": {"type": "Point", "coordinates": [13.460999, 52.508588]}, "properties": {"id": "r0508", "name": "Süß War Gestern", "typ": "Club/Livemusik", "status": "besucht", "q": "top", "p": "normal", "notiz": "", "tags": "", "besucht_am": ""}}, {"type": "Feature", "geometry": {"type": "Point", "coordinates": [13.4156551, 52.5438067]}, "properties": {"id": "r0509", "name": "Takumi NINE", "typ": "Asia", "status": "besucht", "q": "top", "p": "normal", "notiz": "", "tags": "", "besucht_am": ""}}, {"type": "Feature", "geometry": {"type": "Point", "coordinates": [13.3847621, 52.5290557]}, "properties": {"id": "r0510", "name": "Takumi NINE Sapporo", "typ": "Asia", "status": "besucht", "q": "top", "p": "normal", "notiz": "", "tags": "", "besucht_am": ""}}, {"type": "Feature", "geometry": {"type": "Point", "coordinates": [13.4315041, 52.530488]}, "properties": {"id": "r0511", "name": "Taleh Thai", "typ": "Asia", "status": "besucht", "q": "top", "p": "normal", "notiz": "", "tags": "", "besucht_am": ""}}, {"type": "Feature", "geometry": {"type": "Point", "coordinates": [13.4115621, 52.5320208]}, "properties": {"id": "r0512", "name": "Taquería El Oso", "typ": "Restaurant", "status": "besucht", "q": "gut", "p": "guenstig", "notiz": "", "tags": "", "besucht_am": ""}}, {"type": "Feature", "geometry": {"type": "Point", "coordinates": [13.384465, 52.521021]}, "properties": {"id": "r0513", "name": "Tausend", "typ": "Bar", "status": "besucht", "q": "unbewertet", "p": "ueberteuert", "notiz": "", "tags": "", "besucht_am": ""}}, {"type": "Feature", "geometry": {"type": "Point", "coordinates": [13.4219225, 52.5435357]}, "properties": {"id": "r0514", "name": "Thai Aroma", "typ": "Asia", "status": "besucht", "q": "unbewertet", "p": "normal", "notiz": "", "tags": "", "besucht_am": ""}}, {"type": "Feature", "geometry": {"type": "Point", "coordinates": [13.398084, 52.527403]}, "properties": {"id": "r0515", "name": "THE BARN", "typ": "Café", "status": "besucht", "q": "unbewertet", "p": "normal", "notiz": "", "tags": "", "besucht_am": ""}}, {"type": "Feature", "geometry": {"type": "Point", "coordinates": [13.374776, 52.5084739]}, "properties": {"id": "r0516", "name": "The Barn Café Potsdamer Platz", "typ": "Café", "status": "besucht", "q": "unbewertet", "p": "normal", "notiz": "", "tags": "", "besucht_am": ""}}, {"type": "Feature", "geometry": {"type": "Point", "coordinates": [13.405829, 52.546674]}, "properties": {"id": "r0517", "name": "The Bird", "typ": "Burger", "status": "besucht", "q": "unbewertet", "p": "normal", "notiz": "", "tags": "", "besucht_am": ""}}, {"type": "Feature", "geometry": {"type": "Point", "coordinates": [13.3885, 52.5315]}, "properties": {"id": "r0518", "name": "The Castle Berlin Mitte", "typ": "Kneipe", "status": "besucht", "q": "unbewertet", "p": "normal", "notiz": "", "tags": "", "besucht_am": ""}}, {"type": "Feature", "geometry": {"type": "Point", "coordinates": [13.3198672, 52.503071]}, "properties": {"id": "r0519", "name": "The Catch", "typ": "Sushi", "status": "besucht", "q": "unbewertet", "p": "normal", "notiz": "", "tags": "", "besucht_am": ""}}, {"type": "Feature", "geometry": {"type": "Point", "coordinates": [13.3719412, 52.544442]}, "properties": {"id": "r0520", "name": "The Forsberg", "typ": "Bar", "status": "besucht", "q": "top", "p": "normal", "notiz": "", "tags": "", "besucht_am": ""}}, {"type": "Feature", "geometry": {"type": "Point", "coordinates": [13.4125934, 52.5255425]}, "properties": {"id": "r0521", "name": "The Grand", "typ": "Bar", "status": "besucht", "q": "unbewertet", "p": "normal", "notiz": "", "tags": "", "besucht_am": ""}}, {"type": "Feature", "geometry": {"type": "Point", "coordinates": [13.412382, 52.525525]}, "properties": {"id": "r0522", "name": "The Grand Berlin", "typ": "Steak/Grill", "status": "besucht", "q": "unbewertet", "p": "ueberteuert", "notiz": "", "tags": "", "besucht_am": ""}}, {"type": "Feature", "geometry": {"type": "Point", "coordinates": [13.40894, 52.52488]}, "properties": {"id": "r0523", "name": "The Klub Kitchen", "typ": "Restaurant", "status": "besucht", "q": "unbewertet", "p": "normal", "notiz": "", "tags": "", "besucht_am": ""}}, {"type": "Feature", "geometry": {"type": "Point", "coordinates": [13.3996866, 52.5329933]}, "properties": {"id": "r0524", "name": "The Klub Kitchen", "typ": "Restaurant", "status": "besucht", "q": "unbewertet", "p": "normal", "notiz": "", "tags": "", "besucht_am": ""}}, {"type": "Feature", "geometry": {"type": "Point", "coordinates": [13.3255733, 52.5016053]}, "properties": {"id": "r0525", "name": "The Klub Kitchen West", "typ": "Restaurant", "status": "besucht", "q": "top", "p": "normal", "notiz": "", "tags": "", "besucht_am": ""}}, {"type": "Feature", "geometry": {"type": "Point", "coordinates": [13.3997339, 52.5239966]}, "properties": {"id": "r0526", "name": "The Noodle Town", "typ": "Asia", "status": "besucht", "q": "unbewertet", "p": "normal", "notiz": "", "tags": "", "besucht_am": ""}}, {"type": "Feature", "geometry": {"type": "Point", "coordinates": [13.4239438, 52.5017431]}, "properties": {"id": "r0527", "name": "The Pharmacy Bar", "typ": "Bar", "status": "besucht", "q": "top", "p": "normal", "notiz": "", "tags": "", "besucht_am": ""}}, {"type": "Feature", "geometry": {"type": "Point", "coordinates": [13.4375875, 52.4848514]}, "properties": {"id": "r0528", "name": "TiER", "typ": "Bar", "status": "besucht", "q": "top", "p": "normal", "notiz": "", "tags": "", "besucht_am": ""}}, {"type": "Feature", "geometry": {"type": "Point", "coordinates": [13.4177874, 52.5429536]}, "properties": {"id": "r0529", "name": "Tilda - coffee eat sleep", "typ": "Restaurant", "status": "besucht", "q": "top", "p": "normal", "notiz": "", "tags": "", "besucht_am": ""}}, {"type": "Feature", "geometry": {"type": "Point", "coordinates": [13.4177874, 52.5429536]}, "properties": {"id": "r0530", "name": "Tilda - coffee eat sleep", "typ": "Café", "status": "besucht", "q": "top", "p": "normal", "notiz": "", "tags": "", "besucht_am": ""}}, {"type": "Feature", "geometry": {"type": "Point", "coordinates": [13.39138, 52.50698]}, "properties": {"id": "r0531", "name": "Tim Raue", "typ": "Restaurant", "status": "besucht", "q": "unbewertet", "p": "ueberteuert", "notiz": "", "tags": "", "besucht_am": ""}}, {"type": "Feature", "geometry": {"type": "Point", "coordinates": [13.4045047, 52.5294155]}, "properties": {"id": "r0532", "name": "To The Bone", "typ": "Steak/Grill", "status": "besucht", "q": "unbewertet", "p": "normal", "notiz": "", "tags": "", "besucht_am": ""}}, {"type": "Feature", "geometry": {"type": "Point", "coordinates": [13.391905, 52.528265]}, "properties": {"id": "r0533", "name": "Toca Rouge", "typ": "Asia", "status": "besucht", "q": "top", "p": "normal", "notiz": "", "tags": "", "besucht_am": ""}}, {"type": "Feature", "geometry": {"type": "Point", "coordinates": [13.3802681, 52.4894688]}, "properties": {"id": "r0534", "name": "Tomasa Villa Kreuzberg", "typ": "Café", "status": "besucht", "q": "unbewertet", "p": "normal", "notiz": "", "tags": "", "besucht_am": ""}}, {"type": "Feature", "geometry": {"type": "Point", "coordinates": [13.3976067, 52.5323743]}, "properties": {"id": "r0535", "name": "Tommis Burger Joint", "typ": "Burger", "status": "besucht", "q": "unbewertet", "p": "normal", "notiz": "", "tags": "", "besucht_am": ""}}, {"type": "Feature", "geometry": {"type": "Point", "coordinates": [13.393479, 52.5286256]}, "properties": {"id": "r0536", "name": "Torbar", "typ": "Bar", "status": "besucht", "q": "unbewertet", "p": "ueberteuert", "notiz": "", "tags": "", "besucht_am": ""}}, {"type": "Feature", "geometry": {"type": "Point", "coordinates": [13.4200028, 52.5437294]}, "properties": {"id": "r0537", "name": "Tossakan Berlin", "typ": "Asia", "status": "besucht", "q": "top", "p": "normal", "notiz": "", "tags": "", "besucht_am": ""}}, {"type": "Feature", "geometry": {"type": "Point", "coordinates": [13.4258042, 52.5430513]}, "properties": {"id": "r0538", "name": "Trancina", "typ": "Restaurant", "status": "besucht", "q": "unbewertet", "p": "normal", "notiz": "", "tags": "", "besucht_am": ""}}, {"type": "Feature", "geometry": {"type": "Point", "coordinates": [13.465711, 52.505987]}, "properties": {"id": "r0539", "name": "Transit", "typ": "Asia", "status": "besucht", "q": "unbewertet", "p": "normal", "notiz": "", "tags": "", "besucht_am": ""}}, {"type": "Feature", "geometry": {"type": "Point", "coordinates": [13.402259, 52.52865]}, "properties": {"id": "r0540", "name": "TRANSIT, Berlin-Mitte", "typ": "Asia", "status": "besucht", "q": "unbewertet", "p": "normal", "notiz": "", "tags": "", "besucht_am": ""}}, {"type": "Feature", "geometry": {"type": "Point", "coordinates": [13.3209041, 52.4819409]}, "properties": {"id": "r0541", "name": "Trattoria Acquolina", "typ": "Pizza", "status": "besucht", "q": "unbewertet", "p": "normal", "notiz": "", "tags": "", "besucht_am": ""}}, {"type": "Feature", "geometry": {"type": "Point", "coordinates": [13.299, 52.50499]}, "properties": {"id": "r0542", "name": "Trattoria Da Gianni", "typ": "Restaurant", "status": "besucht", "q": "top", "p": "normal", "notiz": "", "tags": "", "besucht_am": ""}}, {"type": "Feature", "geometry": {"type": "Point", "coordinates": [13.4175494, 52.5440078]}, "properties": {"id": "r0543", "name": "Trattoria Felice Restaurant Bar Café", "typ": "Restaurant", "status": "besucht", "q": "unbewertet", "p": "normal", "notiz": "", "tags": "", "besucht_am": ""}}, {"type": "Feature", "geometry": {"type": "Point", "coordinates": [13.4163799, 52.5435509]}, "properties": {"id": "r0544", "name": "Trattoria Firuze", "typ": "Restaurant", "status": "besucht", "q": "unbewertet", "p": "normal", "notiz": "", "tags": "", "besucht_am": ""}}, {"type": "Feature", "geometry": {"type": "Point", "coordinates": [13.464527, 52.507007]}, "properties": {"id": "r0545", "name": "Tussylounge", "typ": "Kneipe", "status": "besucht", "q": "unbewertet", "p": "normal", "notiz": "", "tags": "", "besucht_am": ""}}, {"type": "Feature", "geometry": {"type": "Point", "coordinates": [13.4146911, 52.5476757]}, "properties": {"id": "r0546", "name": "Van Hoa", "typ": "Asia", "status": "besucht", "q": "unbewertet", "p": "normal", "notiz": "", "tags": "", "besucht_am": ""}}, {"type": "Feature", "geometry": {"type": "Point", "coordinates": [13.4395417, 52.4841944]}, "properties": {"id": "r0547", "name": "Venue", "typ": "Frühstück", "status": "besucht", "q": "top", "p": "normal", "notiz": "", "tags": "", "besucht_am": ""}}, {"type": "Feature", "geometry": {"type": "Point", "coordinates": [13.3825711, 52.4900063]}, "properties": {"id": "r0548", "name": "Vereinszimmer", "typ": "Restaurant", "status": "besucht", "q": "gut", "p": "guenstig", "notiz": "", "tags": "", "besucht_am": ""}}, {"type": "Feature", "geometry": {"type": "Point", "coordinates": [13.3892885, 52.5257108]}, "properties": {"id": "r0549", "name": "Verōnika Berlin", "typ": "Restaurant", "status": "besucht", "q": "unbewertet", "p": "ueberteuert", "notiz": "", "tags": "", "besucht_am": ""}}, {"type": "Feature", "geometry": {"type": "Point", "coordinates": [13.3638541, 52.5013896]}, "properties": {"id": "r0550", "name": "Victoria Bar", "typ": "Bar", "status": "besucht", "q": "top", "p": "normal", "notiz": "", "tags": "", "besucht_am": ""}}, {"type": "Feature", "geometry": {"type": "Point", "coordinates": [13.4036262, 52.5253086]}, "properties": {"id": "r0551", "name": "Viet Village", "typ": "Asia", "status": "besucht", "q": "unbewertet", "p": "normal", "notiz": "", "tags": "", "besucht_am": ""}}, {"type": "Feature", "geometry": {"type": "Point", "coordinates": [13.410217, 52.538544]}, "properties": {"id": "r0552", "name": "Vietnam Village", "typ": "Asia", "status": "besucht", "q": "unbewertet", "p": "normal", "notiz": "", "tags": "", "besucht_am": ""}}, {"type": "Feature", "geometry": {"type": "Point", "coordinates": [13.3931924, 52.5251793]}, "properties": {"id": "r0553", "name": "Vino & Basilico", "typ": "Restaurant", "status": "besucht", "q": "top", "p": "normal", "notiz": "", "tags": "", "besucht_am": ""}}, {"type": "Feature", "geometry": {"type": "Point", "coordinates": [13.4198681, 52.5420986]}, "properties": {"id": "r0554", "name": "Vinpearl", "typ": "Asia", "status": "besucht", "q": "unbewertet", "p": "normal", "notiz": "", "tags": "", "besucht_am": ""}}, {"type": "Feature", "geometry": {"type": "Point", "coordinates": [13.3995092, 52.5315804]}, "properties": {"id": "r0555", "name": "VOLK", "typ": "Restaurant", "status": "besucht", "q": "unbewertet", "p": "ueberteuert", "notiz": "", "tags": "", "besucht_am": ""}}, {"type": "Feature", "geometry": {"type": "Point", "coordinates": [13.405064, 52.5342948]}, "properties": {"id": "r0556", "name": "W - Der Imbiss", "typ": "Asia", "status": "besucht", "q": "unbewertet", "p": "normal", "notiz": "", "tags": "", "besucht_am": ""}}, {"type": "Feature", "geometry": {"type": "Point", "coordinates": [13.3610653, 52.4812452]}, "properties": {"id": "r0557", "name": "Weinverein Rote Insel", "typ": "Weinbar", "status": "besucht", "q": "top", "p": "normal", "notiz": "", "tags": "", "besucht_am": ""}}, {"type": "Feature", "geometry": {"type": "Point", "coordinates": [13.4117515, 52.5307212]}, "properties": {"id": "r0558", "name": "Wen Cheng", "typ": "Asia", "status": "besucht", "q": "top", "p": "normal", "notiz": "", "tags": "", "besucht_am": ""}}, {"type": "Feature", "geometry": {"type": "Point", "coordinates": [13.4552754, 52.508541]}, "properties": {"id": "r0559", "name": "Wen Cheng 3", "typ": "Asia", "status": "besucht", "q": "top", "p": "normal", "notiz": "", "tags": "", "besucht_am": ""}}, {"type": "Feature", "geometry": {"type": "Point", "coordinates": [13.4315636, 52.4986546]}, "properties": {"id": "r0560", "name": "Wen Cheng 4", "typ": "Asia", "status": "besucht", "q": "top", "p": "normal", "notiz": "", "tags": "", "besucht_am": ""}}, {"type": "Feature", "geometry": {"type": "Point", "coordinates": [13.4135482, 52.5462791]}, "properties": {"id": "r0561", "name": "Wen Cheng Handpulled Noodles", "typ": "Asia", "status": "besucht", "q": "top", "p": "normal", "notiz": "", "tags": "", "besucht_am": ""}}, {"type": "Feature", "geometry": {"type": "Point", "coordinates": [13.4176004, 52.5391185]}, "properties": {"id": "r0562", "name": "Werkstatt der Süße", "typ": "Café", "status": "besucht", "q": "top", "p": "normal", "notiz": "", "tags": "", "besucht_am": ""}}, {"type": "Feature", "geometry": {"type": "Point", "coordinates": [13.4096598, 52.5283123]}, "properties": {"id": "r0563", "name": "What do you fancy love?", "typ": "Frühstück", "status": "besucht", "q": "unbewertet", "p": "normal", "notiz": "", "tags": "", "besucht_am": ""}}, {"type": "Feature", "geometry": {"type": "Point", "coordinates": [13.32663, 52.505421]}, "properties": {"id": "r0564", "name": "Wiener Beisl", "typ": "Restaurant", "status": "besucht", "q": "unbewertet", "p": "normal", "notiz": "", "tags": "", "besucht_am": ""}}, {"type": "Feature", "geometry": {"type": "Point", "coordinates": [13.3786216, 52.5532638]}, "properties": {"id": "r0565", "name": "Wilma", "typ": "Kneipe", "status": "besucht", "q": "top", "p": "normal", "notiz": "", "tags": "", "besucht_am": ""}}, {"type": "Feature", "geometry": {"type": "Point", "coordinates": [13.407854, 52.5481639]}, "properties": {"id": "r0566", "name": "WIM Kaffee", "typ": "Café", "status": "besucht", "q": "top", "p": "normal", "notiz": "", "tags": "", "besucht_am": ""}}, {"type": "Feature", "geometry": {"type": "Point", "coordinates": [13.3864804, 52.518435]}, "properties": {"id": "r0567", "name": "Windhorst", "typ": "Bar", "status": "besucht", "q": "top", "p": "normal", "notiz": "", "tags": "", "besucht_am": ""}}, {"type": "Feature", "geometry": {"type": "Point", "coordinates": [13.419122, 52.543442]}, "properties": {"id": "r0568", "name": "WohnZimmer", "typ": "Kneipe", "status": "besucht", "q": "top", "p": "normal", "notiz": "", "tags": "", "besucht_am": ""}}, {"type": "Feature", "geometry": {"type": "Point", "coordinates": [13.416608, 52.501118]}, "properties": {"id": "r0569", "name": "Würgeengel", "typ": "Bar", "status": "besucht", "q": "top", "p": "normal", "notiz": "", "tags": "", "besucht_am": ""}}, {"type": "Feature", "geometry": {"type": "Point", "coordinates": [13.4112313, 52.5021546]}, "properties": {"id": "r0570", "name": "YAFO", "typ": "Restaurant", "status": "besucht", "q": "unbewertet", "p": "normal", "notiz": "", "tags": "", "besucht_am": ""}}, {"type": "Feature", "geometry": {"type": "Point", "coordinates": [13.408313, 52.52755]}, "properties": {"id": "r0571", "name": "Yamyam Berlin", "typ": "Asia", "status": "besucht", "q": "top", "p": "normal", "notiz": "", "tags": "", "besucht_am": ""}}, {"type": "Feature", "geometry": {"type": "Point", "coordinates": [13.402446, 52.5307281]}, "properties": {"id": "r0572", "name": "Yangguofu Malatang 杨国福（柏林）", "typ": "Asia", "status": "besucht", "q": "unbewertet", "p": "normal", "notiz": "", "tags": "", "besucht_am": ""}}, {"type": "Feature", "geometry": {"type": "Point", "coordinates": [13.3920916, 52.5283244]}, "properties": {"id": "r0573", "name": "Yarok", "typ": "Imbiss", "status": "besucht", "q": "gut", "p": "guenstig", "notiz": "", "tags": "", "besucht_am": ""}}, {"type": "Feature", "geometry": {"type": "Point", "coordinates": [13.402808, 52.524366]}, "properties": {"id": "r0574", "name": "YOSOY spanisches Restaurant & Tapas-Bar", "typ": "Restaurant", "status": "besucht", "q": "unbewertet", "p": "normal", "notiz": "", "tags": "", "besucht_am": ""}}, {"type": "Feature", "geometry": {"type": "Point", "coordinates": [13.402727, 52.531192]}, "properties": {"id": "r0575", "name": "Yumcha Heroes", "typ": "Asia", "status": "besucht", "q": "unbewertet", "p": "normal", "notiz": "", "tags": "", "besucht_am": ""}}, {"type": "Feature", "geometry": {"type": "Point", "coordinates": [13.395655, 52.529517]}, "properties": {"id": "r0576", "name": "Z-Bar", "typ": "Kneipe", "status": "besucht", "q": "unbewertet", "p": "normal", "notiz": "", "tags": "", "besucht_am": ""}}, {"type": "Feature", "geometry": {"type": "Point", "coordinates": [13.4227334, 52.5480805]}, "properties": {"id": "r0577", "name": "Zaika", "typ": "Restaurant", "status": "besucht", "q": "unbewertet", "p": "normal", "notiz": "", "tags": "", "besucht_am": ""}}, {"type": "Feature", "geometry": {"type": "Point", "coordinates": [13.4544301, 52.5140434]}, "properties": {"id": "r0578", "name": "Zaitoun restaurant", "typ": "Restaurant", "status": "besucht", "q": "gut", "p": "guenstig", "notiz": "", "tags": "", "besucht_am": ""}}, {"type": "Feature", "geometry": {"type": "Point", "coordinates": [13.408662, 52.527998]}, "properties": {"id": "r0579", "name": "Zeit für Brot", "typ": "Café", "status": "besucht", "q": "top", "p": "normal", "notiz": "", "tags": "", "besucht_am": ""}}, {"type": "Feature", "geometry": {"type": "Point", "coordinates": [13.4020423, 52.530412]}, "properties": {"id": "r0580", "name": "Zeit für Brot", "typ": "Café", "status": "besucht", "q": "top", "p": "normal", "notiz": "", "tags": "", "besucht_am": ""}}, {"type": "Feature", "geometry": {"type": "Point", "coordinates": [13.4778311, 52.487488]}, "properties": {"id": "r0581", "name": "Zenner Biergarten und Weingarten", "typ": "Biergarten", "status": "besucht", "q": "top", "p": "normal", "notiz": "", "tags": "", "besucht_am": ""}}, {"type": "Feature", "geometry": {"type": "Point", "coordinates": [13.4178782, 52.5458621]}, "properties": {"id": "r0582", "name": "Zia Maria", "typ": "Pizza", "status": "besucht", "q": "gut", "p": "guenstig", "notiz": "", "tags": "", "besucht_am": ""}}, {"type": "Feature", "geometry": {"type": "Point", "coordinates": [13.3842849, 52.5206109]}, "properties": {"id": "r0583", "name": "Zimt & Zucker", "typ": "Frühstück", "status": "besucht", "q": "top", "p": "normal", "notiz": "", "tags": "", "besucht_am": ""}}, {"type": "Feature", "geometry": {"type": "Point", "coordinates": [13.422372, 52.496228]}, "properties": {"id": "r0584", "name": "ZOLA", "typ": "Pizza", "status": "besucht", "q": "unbewertet", "p": "normal", "notiz": "", "tags": "", "besucht_am": ""}}, {"type": "Feature", "geometry": {"type": "Point", "coordinates": [13.415395, 52.541965]}, "properties": {"id": "r0585", "name": "Zu Mir oder Zu Dir", "typ": "Kneipe", "status": "besucht", "q": "unbewertet", "p": "normal", "notiz": "", "tags": "", "besucht_am": ""}}, {"type": "Feature", "geometry": {"type": "Point", "coordinates": [13.411714, 52.550962]}, "properties": {"id": "r0586", "name": "Zuckerstück", "typ": "Frühstück", "status": "besucht", "q": "top", "p": "normal", "notiz": "", "tags": "", "besucht_am": ""}}, {"type": "Feature", "geometry": {"type": "Point", "coordinates": [13.321597, 52.506577]}, "properties": {"id": "r0587", "name": "Zwiebelfisch", "typ": "Bar", "status": "besucht", "q": "unbewertet", "p": "normal", "notiz": "", "tags": "", "besucht_am": ""}}, {"type": "Feature", "geometry": {"type": "Point", "coordinates": [13.391889, 52.509204]}, "properties": {"id": "r0588", "name": "Zwipf Coffee", "typ": "Café", "status": "besucht", "q": "unbewertet", "p": "normal", "notiz": "", "tags": "", "besucht_am": ""}}, {"type": "Feature", "geometry": {"type": "Point", "coordinates": [13.4371403, 52.4850275]}, "properties": {"id": "r0589", "name": "Ä", "typ": "Bar", "status": "besucht", "q": "unbewertet", "p": "normal", "notiz": "", "tags": "", "besucht_am": ""}}, {"type": "Feature", "geometry": {"type": "Point", "coordinates": [13.442138, 52.516698]}, "properties": {"id": "r0590", "name": "ČSA Bar Berlin", "typ": "Bar", "status": "besucht", "q": "unbewertet", "p": "normal", "notiz": "", "tags": "", "besucht_am": ""}}, {"type": "Feature", "geometry": {"type": "Point", "coordinates": [13.3555006, 52.480234]}, "properties": {"id": "r0591", "name": "\"the CORD\" Restaurant", "typ": "Restaurant", "status": "wunschliste", "q": "unbewertet", "p": "ueberteuert", "notiz": "", "tags": "", "besucht_am": ""}}, {"type": "Feature", "geometry": {"type": "Point", "coordinates": [13.4153467, 52.5478906]}, "properties": {"id": "r0592", "name": "A Magica", "typ": "Pizza", "status": "wunschliste", "q": "unbewertet", "p": "normal", "notiz": "", "tags": "", "besucht_am": ""}}, {"type": "Feature", "geometry": {"type": "Point", "coordinates": [13.3842556, 52.51813]}, "properties": {"id": "r0593", "name": "1687 Restaurant & Café", "typ": "Restaurant", "status": "wunschliste", "q": "top", "p": "teuer", "notiz": "", "tags": "", "besucht_am": ""}}, {"type": "Feature", "geometry": {"type": "Point", "coordinates": [13.3177009, 52.5044354]}, "properties": {"id": "r0594", "name": "1811", "typ": "Restaurant", "status": "wunschliste", "q": "top", "p": "normal", "notiz": "", "tags": "", "besucht_am": ""}}, {"type": "Feature", "geometry": {"type": "Point", "coordinates": [13.3369187, 52.5005259]}, "properties": {"id": "r0595", "name": "1987 Xigon", "typ": "Asia", "status": "wunschliste", "q": "top", "p": "normal", "notiz": "", "tags": "", "besucht_am": ""}}, {"type": "Feature", "geometry": {"type": "Point", "coordinates": [13.458515, 52.5104473]}, "properties": {"id": "r0596", "name": "1990 Vegan living", "typ": "Restaurant", "status": "wunschliste", "q": "top", "p": "normal", "notiz": "", "tags": "", "besucht_am": ""}}, {"type": "Feature", "geometry": {"type": "Point", "coordinates": [13.4687344, 52.5071249]}, "properties": {"id": "r0597", "name": "19grams Café", "typ": "Café", "status": "wunschliste", "q": "unbewertet", "p": "normal", "notiz": "", "tags": "", "besucht_am": ""}}, {"type": "Feature", "geometry": {"type": "Point", "coordinates": [13.3801782, 52.5331431]}, "properties": {"id": "r0598", "name": "19grams Chaussee", "typ": "Café", "status": "wunschliste", "q": "unbewertet", "p": "normal", "notiz": "", "tags": "", "besucht_am": ""}}, {"type": "Feature", "geometry": {"type": "Point", "coordinates": [13.4445713, 52.4998956]}, "properties": {"id": "r0599", "name": "19grams Schlesi", "typ": "Café", "status": "wunschliste", "q": "unbewertet", "p": "normal", "notiz": "", "tags": "", "besucht_am": ""}}, {"type": "Feature", "geometry": {"type": "Point", "coordinates": [13.4094444, 52.5208333]}, "properties": {"id": "r0600", "name": "203", "typ": "Bar", "status": "wunschliste", "q": "unbewertet", "p": "normal", "notiz": "", "tags": "", "besucht_am": ""}}, {"type": "Feature", "geometry": {"type": "Point", "coordinates": [13.4290906, 52.472164]}, "properties": {"id": "r0601", "name": "21 gramm", "typ": "Restaurant", "status": "wunschliste", "q": "top", "p": "normal", "notiz": "", "tags": "", "besucht_am": ""}}, {"type": "Feature", "geometry": {"type": "Point", "coordinates": [13.4290906, 52.472164]}, "properties": {"id": "r0602", "name": "21 gramm", "typ": "Frühstück", "status": "wunschliste", "q": "unbewertet", "p": "normal", "notiz": "", "tags": "", "besucht_am": ""}}, {"type": "Feature", "geometry": {"type": "Point", "coordinates": [13.4424913, 52.5044842]}, "properties": {"id": "r0603", "name": "260 Grad", "typ": "Bar", "status": "wunschliste", "q": "unbewertet", "p": "normal", "notiz": "", "tags": "", "besucht_am": ""}}, {"type": "Feature", "geometry": {"type": "Point", "coordinates": [13.4583146, 52.5097856]}, "properties": {"id": "r0604", "name": "44 Brekkie", "typ": "Frühstück", "status": "wunschliste", "q": "top", "p": "normal", "notiz": "", "tags": "", "besucht_am": ""}}, {"type": "Feature", "geometry": {"type": "Point", "coordinates": [13.4201496, 52.5368817]}, "properties": {"id": "r0605", "name": "44 Brekkie", "typ": "Frühstück", "status": "wunschliste", "q": "top", "p": "normal", "notiz": "", "tags": "", "besucht_am": ""}}, {"type": "Feature", "geometry": {"type": "Point", "coordinates": [13.3368381, 52.5024675]}, "properties": {"id": "r0606", "name": "963", "typ": "Restaurant", "status": "wunschliste", "q": "top", "p": "normal", "notiz": "", "tags": "", "besucht_am": ""}}, {"type": "Feature", "geometry": {"type": "Point", "coordinates": [13.40545, 52.495879]}, "properties": {"id": "r0607", "name": "A.HORN", "typ": "Café", "status": "wunschliste", "q": "unbewertet", "p": "normal", "notiz": "", "tags": "", "besucht_am": ""}}, {"type": "Feature", "geometry": {"type": "Point", "coordinates": [13.421009, 52.5365063]}, "properties": {"id": "r0608", "name": "ABC - Allans Breakfast Club & Wine Bar", "typ": "Frühstück", "status": "wunschliste", "q": "unbewertet", "p": "normal", "notiz": "", "tags": "", "besucht_am": ""}}, {"type": "Feature", "geometry": {"type": "Point", "coordinates": [13.4024598, 52.5279064]}, "properties": {"id": "r0609", "name": "ACID Mitte", "typ": "Frühstück", "status": "besucht", "q": "unbewertet", "p": "ueberteuert", "notiz": "", "tags": "", "besucht_am": ""}}, {"type": "Feature", "geometry": {"type": "Point", "coordinates": [13.40086, 52.53353]}, "properties": {"id": "r0610", "name": "Acud Macht Neu", "typ": "Club/Livemusik", "status": "wunschliste", "q": "unbewertet", "p": "normal", "notiz": "", "tags": "", "besucht_am": ""}}, {"type": "Feature", "geometry": {"type": "Point", "coordinates": [13.3075, 52.49926]}, "properties": {"id": "r0611", "name": "Adana Grillhaus", "typ": "Imbiss", "status": "wunschliste", "q": "unbewertet", "p": "normal", "notiz": "", "tags": "", "besucht_am": ""}}, {"type": "Feature", "geometry": {"type": "Point", "coordinates": [13.4284664, 52.4924673]}, "properties": {"id": "r0612", "name": "adot kitchen - Authentic Ethiopian brunch and speciality coffee", "typ": "Frühstück", "status": "wunschliste", "q": "top", "p": "normal", "notiz": "", "tags": "", "besucht_am": ""}}, {"type": "Feature", "geometry": {"type": "Point", "coordinates": [13.373494, 52.4866426]}, "properties": {"id": "r0613", "name": "aerde restaurant", "typ": "Restaurant", "status": "wunschliste", "q": "top", "p": "teuer", "notiz": "", "tags": "", "besucht_am": ""}}, {"type": "Feature", "geometry": {"type": "Point", "coordinates": [13.42873, 52.54914]}, "properties": {"id": "r0614", "name": "Agni", "typ": "Asia", "status": "wunschliste", "q": "unbewertet", "p": "normal", "notiz": "", "tags": "", "besucht_am": ""}}, {"type": "Feature", "geometry": {"type": "Point", "coordinates": [13.3228333, 52.5068333]}, "properties": {"id": "r0615", "name": "Aida", "typ": "Restaurant", "status": "wunschliste", "q": "unbewertet", "p": "ueberteuert", "notiz": "", "tags": "", "besucht_am": ""}}, {"type": "Feature", "geometry": {"type": "Point", "coordinates": [13.394206, 52.5048497]}, "properties": {"id": "r0616", "name": "AKKURAT Café", "typ": "Café", "status": "wunschliste", "q": "top", "p": "normal", "notiz": "", "tags": "", "besucht_am": ""}}, {"type": "Feature", "geometry": {"type": "Point", "coordinates": [13.4271533, 52.4874099]}, "properties": {"id": "r0617", "name": "Al Faisal Grills and Restaurant", "typ": "Imbiss", "status": "wunschliste", "q": "gut", "p": "guenstig", "notiz": "", "tags": "", "besucht_am": ""}}, {"type": "Feature", "geometry": {"type": "Point", "coordinates": [13.3000584, 52.504317]}, "properties": {"id": "r0618", "name": "Alano Pizza", "typ": "Pizza", "status": "wunschliste", "q": "gut", "p": "guenstig", "notiz": "", "tags": "", "besucht_am": ""}}, {"type": "Feature", "geometry": {"type": "Point", "coordinates": [13.309355, 52.5029006]}, "properties": {"id": "r0619", "name": "Alma Mia Charlottenburg", "typ": "Restaurant", "status": "wunschliste", "q": "unbewertet", "p": "normal", "notiz": "", "tags": "", "besucht_am": ""}}, {"type": "Feature", "geometry": {"type": "Point", "coordinates": [12.9448745, 52.3797733]}, "properties": {"id": "r0620", "name": "Alte Überfahrt", "typ": "Restaurant", "status": "wunschliste", "q": "unbewertet", "p": "ueberteuert", "notiz": "", "tags": "", "besucht_am": ""}}, {"type": "Feature", "geometry": {"type": "Point", "coordinates": [13.44323, 52.475686]}, "properties": {"id": "r0621", "name": "Alter Roter Löwe Rein", "typ": "Bar", "status": "wunschliste", "q": "top", "p": "normal", "notiz": "", "tags": "", "besucht_am": ""}}, {"type": "Feature", "geometry": {"type": "Point", "coordinates": [13.4009751, 52.4966637]}, "properties": {"id": "r0622", "name": "Altes Zollhaus", "typ": "Biergarten", "status": "wunschliste", "q": "top", "p": "normal", "notiz": "", "tags": "", "besucht_am": ""}}, {"type": "Feature", "geometry": {"type": "Point", "coordinates": [13.2999347, 52.5055187]}, "properties": {"id": "r0623", "name": "AltoAdige Weinbar", "typ": "Weinbar", "status": "wunschliste", "q": "top", "p": "normal", "notiz": "", "tags": "", "besucht_am": ""}}, {"type": "Feature", "geometry": {"type": "Point", "coordinates": [13.5748187, 52.4463218]}, "properties": {"id": "r0624", "name": "Altstadtcafé Cöpenick", "typ": "Café", "status": "wunschliste", "q": "unbewertet", "p": "normal", "notiz": "", "tags": "", "besucht_am": ""}}, {"type": "Feature", "geometry": {"type": "Point", "coordinates": [13.3699349, 52.5269249]}, "properties": {"id": "r0625", "name": "Amigo Cohen", "typ": "Restaurant", "status": "wunschliste", "q": "unbewertet", "p": "normal", "notiz": "", "tags": "", "besucht_am": ""}}, {"type": "Feature", "geometry": {"type": "Point", "coordinates": [13.4273, 52.4936]}, "properties": {"id": "r0626", "name": "Ammazza che Pizza", "typ": "Pizza", "status": "wunschliste", "q": "unbewertet", "p": "normal", "notiz": "", "tags": "", "besucht_am": ""}}, {"type": "Feature", "geometry": {"type": "Point", "coordinates": [13.31968, 52.50792]}, "properties": {"id": "r0627", "name": "Anabelas Kitchen", "typ": "Restaurant", "status": "wunschliste", "q": "top", "p": "normal", "notiz": "", "tags": "", "besucht_am": ""}}, {"type": "Feature", "geometry": {"type": "Point", "coordinates": [13.4385301, 52.5054983]}, "properties": {"id": "r0628", "name": "Anima", "typ": "Bar", "status": "wunschliste", "q": "top", "p": "normal", "notiz": "", "tags": "", "besucht_am": ""}}, {"type": "Feature", "geometry": {"type": "Point", "coordinates": [13.3912553, 52.5255825]}, "properties": {"id": "r0629", "name": "Anna & Paul", "typ": "Restaurant", "status": "wunschliste", "q": "top", "p": "normal", "notiz": "", "tags": "", "besucht_am": ""}}, {"type": "Feature", "geometry": {"type": "Point", "coordinates": [13.4350213, 52.4986399]}, "properties": {"id": "r0630", "name": "annelies", "typ": "Frühstück", "status": "wunschliste", "q": "top", "p": "normal", "notiz": "", "tags": "", "besucht_am": ""}}, {"type": "Feature", "geometry": {"type": "Point", "coordinates": [13.4023004, 52.5295559]}, "properties": {"id": "r0631", "name": "Apló Greek Kitchen & Foods", "typ": "Imbiss", "status": "wunschliste", "q": "top", "p": "normal", "notiz": "", "tags": "", "besucht_am": ""}}, {"type": "Feature", "geometry": {"type": "Point", "coordinates": [13.4097714, 52.5536525]}, "properties": {"id": "r0632", "name": "Arirang Bulgogi", "typ": "Asia", "status": "wunschliste", "q": "unbewertet", "p": "normal", "notiz": "", "tags": "", "besucht_am": ""}}, {"type": "Feature", "geometry": {"type": "Point", "coordinates": [13.3155559, 52.5063909]}, "properties": {"id": "r0633", "name": "Aroma", "typ": "Asia", "status": "wunschliste", "q": "unbewertet", "p": "normal", "notiz": "", "tags": "", "besucht_am": ""}}, {"type": "Feature", "geometry": {"type": "Point", "coordinates": [13.2846939, 52.5066309]}, "properties": {"id": "r0634", "name": "Asia Restaurant Sonne", "typ": "Asia", "status": "wunschliste", "q": "unbewertet", "p": "normal", "notiz": "", "tags": "", "besucht_am": ""}}, {"type": "Feature", "geometry": {"type": "Point", "coordinates": [13.39115, 52.51596]}, "properties": {"id": "r0635", "name": "Austernbank", "typ": "Fisch", "status": "wunschliste", "q": "unbewertet", "p": "ueberteuert", "notiz": "", "tags": "", "besucht_am": ""}}, {"type": "Feature", "geometry": {"type": "Point", "coordinates": [13.3968005, 52.4887624]}, "properties": {"id": "r0636", "name": "Austria", "typ": "Restaurant", "status": "wunschliste", "q": "unbewertet", "p": "normal", "notiz": "", "tags": "", "besucht_am": ""}}, {"type": "Feature", "geometry": {"type": "Point", "coordinates": [13.4448749, 52.4748824]}, "properties": {"id": "r0637", "name": "aviv030", "typ": "Restaurant", "status": "wunschliste", "q": "top", "p": "normal", "notiz": "", "tags": "", "besucht_am": ""}}, {"type": "Feature", "geometry": {"type": "Point", "coordinates": [13.4326007, 52.4850148]}, "properties": {"id": "r0638", "name": "Azzam orientalisches Restaurant Inh.: Ala Azzam", "typ": "Restaurant", "status": "wunschliste", "q": "gut", "p": "guenstig", "notiz": "", "tags": "", "besucht_am": ""}}, {"type": "Feature", "geometry": {"type": "Point", "coordinates": [13.3193273, 52.4879041]}, "properties": {"id": "r0639", "name": "Bahadur", "typ": "Asia", "status": "wunschliste", "q": "top", "p": "normal", "notiz": "", "tags": "", "besucht_am": ""}}, {"type": "Feature", "geometry": {"type": "Point", "coordinates": [13.4211173, 52.4949732]}, "properties": {"id": "r0640", "name": "Bal-Köfteci", "typ": "Imbiss", "status": "wunschliste", "q": "top", "p": "normal", "notiz": "", "tags": "", "besucht_am": ""}}, {"type": "Feature", "geometry": {"type": "Point", "coordinates": [13.4583647, 52.5108573]}, "properties": {"id": "r0641", "name": "Balaram", "typ": "Eis", "status": "wunschliste", "q": "unbewertet", "p": "normal", "notiz": "", "tags": "", "besucht_am": ""}}, {"type": "Feature", "geometry": {"type": "Point", "coordinates": [13.3954537, 52.5291384]}, "properties": {"id": "r0642", "name": "Bandol sur mer", "typ": "Restaurant", "status": "wunschliste", "q": "top", "p": "teuer", "notiz": "", "tags": "", "besucht_am": ""}}, {"type": "Feature", "geometry": {"type": "Point", "coordinates": [13.353602, 52.504533]}, "properties": {"id": "r0643", "name": "Bar am Lützowplatz", "typ": "Bar", "status": "wunschliste", "q": "unbewertet", "p": "normal", "notiz": "", "tags": "", "besucht_am": ""}}, {"type": "Feature", "geometry": {"type": "Point", "coordinates": [13.326369, 52.508164]}, "properties": {"id": "r0644", "name": "Bar am Steinplatz", "typ": "Bar", "status": "wunschliste", "q": "top", "p": "normal", "notiz": "", "tags": "", "besucht_am": ""}}, {"type": "Feature", "geometry": {"type": "Point", "coordinates": [13.470691, 52.5120148]}, "properties": {"id": "r0645", "name": "Bar Bobu", "typ": "Bar", "status": "wunschliste", "q": "top", "p": "normal", "notiz": "", "tags": "", "besucht_am": ""}}, {"type": "Feature", "geometry": {"type": "Point", "coordinates": [13.307003, 52.5213484]}, "properties": {"id": "r0646", "name": "Bar Brass", "typ": "Restaurant", "status": "wunschliste", "q": "unbewertet", "p": "ueberteuert", "notiz": "", "tags": "", "besucht_am": ""}}, {"type": "Feature", "geometry": {"type": "Point", "coordinates": [13.38448, 52.49321]}, "properties": {"id": "r0647", "name": "Bar Centrale", "typ": "Restaurant", "status": "wunschliste", "q": "top", "p": "normal", "notiz": "", "tags": "", "besucht_am": ""}}, {"type": "Feature", "geometry": {"type": "Point", "coordinates": [13.3892885, 52.5257108]}, "properties": {"id": "r0648", "name": "Bar Clara", "typ": "Bar", "status": "wunschliste", "q": "unbewertet", "p": "ueberteuert", "notiz": "", "tags": "", "besucht_am": ""}}, {"type": "Feature", "geometry": {"type": "Point", "coordinates": [13.3833333, 52.4897222]}, "properties": {"id": "r0649", "name": "Bar Franzotti", "typ": "Bar", "status": "wunschliste", "q": "unbewertet", "p": "normal", "notiz": "", "tags": "", "besucht_am": ""}}, {"type": "Feature", "geometry": {"type": "Point", "coordinates": [13.4249479, 52.5363766]}, "properties": {"id": "r0650", "name": "Bar Immertreu", "typ": "Bar", "status": "wunschliste", "q": "top", "p": "normal", "notiz": "", "tags": "", "besucht_am": ""}}, {"type": "Feature", "geometry": {"type": "Point", "coordinates": [13.3860324, 52.4902358]}, "properties": {"id": "r0651", "name": "Bar Italia", "typ": "Frühstück", "status": "wunschliste", "q": "top", "p": "normal", "notiz": "", "tags": "", "besucht_am": ""}}, {"type": "Feature", "geometry": {"type": "Point", "coordinates": [13.4179463, 52.5116867]}, "properties": {"id": "r0652", "name": "Bar Neiro", "typ": "Bar", "status": "wunschliste", "q": "top", "p": "normal", "notiz": "", "tags": "", "besucht_am": ""}}, {"type": "Feature", "geometry": {"type": "Point", "coordinates": [13.3545943, 52.4878533]}, "properties": {"id": "r0653", "name": "Bar Nonno", "typ": "Bar", "status": "wunschliste", "q": "top", "p": "normal", "notiz": "", "tags": "", "besucht_am": ""}}, {"type": "Feature", "geometry": {"type": "Point", "coordinates": [13.453509, 52.507921]}, "properties": {"id": "r0654", "name": "Bar Zum schmutzigen Hobby", "typ": "Kneipe", "status": "wunschliste", "q": "unbewertet", "p": "normal", "notiz": "", "tags": "", "besucht_am": ""}}, {"type": "Feature", "geometry": {"type": "Point", "coordinates": [13.4013259, 52.5277165]}, "properties": {"id": "r0655", "name": "Bardele", "typ": "Restaurant", "status": "wunschliste", "q": "unbewertet", "p": "normal", "notiz": "", "tags": "", "besucht_am": ""}}, {"type": "Feature", "geometry": {"type": "Point", "coordinates": [13.3642567, 52.4881304]}, "properties": {"id": "r0656", "name": "Barkett", "typ": "Bar", "status": "wunschliste", "q": "top", "p": "normal", "notiz": "", "tags": "", "besucht_am": ""}}, {"type": "Feature", "geometry": {"type": "Point", "coordinates": [13.4269382, 52.4743431]}, "properties": {"id": "r0657", "name": "Barra", "typ": "Restaurant", "status": "wunschliste", "q": "top", "p": "normal", "notiz": "", "tags": "", "besucht_am": ""}}, {"type": "Feature", "geometry": {"type": "Point", "coordinates": [13.3606243, 52.5506957]}, "properties": {"id": "r0658", "name": "Basalt", "typ": "Bar", "status": "wunschliste", "q": "top", "p": "normal", "notiz": "", "tags": "", "besucht_am": ""}}, {"type": "Feature", "geometry": {"type": "Point", "coordinates": [13.4526316, 52.4812769]}, "properties": {"id": "r0659", "name": "BAU - BAR AM UFER", "typ": "Bar", "status": "wunschliste", "q": "top", "p": "normal", "notiz": "", "tags": "", "besucht_am": ""}}, {"type": "Feature", "geometry": {"type": "Point", "coordinates": [13.4018761, 52.5331249]}, "properties": {"id": "r0660", "name": "Beavis Bar", "typ": "Bar", "status": "wunschliste", "q": "top", "p": "normal", "notiz": "", "tags": "", "besucht_am": ""}}, {"type": "Feature", "geometry": {"type": "Point", "coordinates": [13.4217161, 52.4926832]}, "properties": {"id": "r0661", "name": "Bei Schlawinchen", "typ": "Kneipe", "status": "wunschliste", "q": "unbewertet", "p": "normal", "notiz": "", "tags": "", "besucht_am": ""}}, {"type": "Feature", "geometry": {"type": "Point", "coordinates": [13.3925476, 52.5121532]}, "properties": {"id": "r0662", "name": "Bellboy Bar Berlin", "typ": "Bar", "status": "wunschliste", "q": "unbewertet", "p": "ueberteuert", "notiz": "", "tags": "", "besucht_am": ""}}, {"type": "Feature", "geometry": {"type": "Point", "coordinates": [13.3112327, 52.5007367]}, "properties": {"id": "r0663", "name": "Bellucci Bar", "typ": "Bar", "status": "wunschliste", "q": "unbewertet", "p": "normal", "notiz": "", "tags": "", "besucht_am": ""}}, {"type": "Feature", "geometry": {"type": "Point", "coordinates": [13.2977756, 52.5070183]}, "properties": {"id": "r0664", "name": "Ben Thanh", "typ": "Asia", "status": "wunschliste", "q": "top", "p": "normal", "notiz": "", "tags": "", "besucht_am": ""}}, {"type": "Feature", "geometry": {"type": "Point", "coordinates": [13.2552798, 52.5098433]}, "properties": {"id": "r0665", "name": "benjamine", "typ": "Restaurant", "status": "wunschliste", "q": "top", "p": "normal", "notiz": "", "tags": "", "besucht_am": ""}}, {"type": "Feature", "geometry": {"type": "Point", "coordinates": [13.392027, 52.4903865]}, "properties": {"id": "r0666", "name": "Bergmanns", "typ": "Restaurant", "status": "wunschliste", "q": "unbewertet", "p": "normal", "notiz": "", "tags": "", "besucht_am": ""}}, {"type": "Feature", "geometry": {"type": "Point", "coordinates": [13.441145, 52.477215]}, "properties": {"id": "r0667", "name": "Berlinisch-Italienische Küche mit Wildgemüse und Kräutern aus dem eigenem Bio-Anbau", "typ": "Café", "status": "wunschliste", "q": "top", "p": "normal", "notiz": "", "tags": "", "besucht_am": ""}}, {"type": "Feature", "geometry": {"type": "Point", "coordinates": [13.4096329, 52.5338845]}, "properties": {"id": "r0668", "name": "Bertie", "typ": "Restaurant", "status": "wunschliste", "q": "top", "p": "normal", "notiz": "", "tags": "", "besucht_am": ""}}, {"type": "Feature", "geometry": {"type": "Point", "coordinates": [13.4353522, 52.4859754]}, "properties": {"id": "r0669", "name": "Beuster", "typ": "Restaurant", "status": "wunschliste", "q": "unbewertet", "p": "normal", "notiz": "", "tags": "", "besucht_am": ""}}, {"type": "Feature", "geometry": {"type": "Point", "coordinates": [13.333775, 52.479558]}, "properties": {"id": "r0670", "name": "Bieberbau", "typ": "Restaurant", "status": "wunschliste", "q": "top", "p": "teuer", "notiz": "", "tags": "", "besucht_am": ""}}, {"type": "Feature", "geometry": {"type": "Point", "coordinates": [13.3188241, 52.5011292]}, "properties": {"id": "r0671", "name": "Bier's Kudamm 195", "typ": "Imbiss", "status": "wunschliste", "q": "unbewertet", "p": "normal", "notiz": "", "tags": "", "besucht_am": ""}}, {"type": "Feature", "geometry": {"type": "Point", "coordinates": [13.4212086, 52.5006293]}, "properties": {"id": "r0672", "name": "Biererei Bar & Vintage Cellar", "typ": "Kneipe", "status": "wunschliste", "q": "top", "p": "normal", "notiz": "", "tags": "", "besucht_am": ""}}, {"type": "Feature", "geometry": {"type": "Point", "coordinates": [13.4943185, 52.4813734]}, "properties": {"id": "r0673", "name": "Biergarten „Zum Anleger“ - Eierhäuschen", "typ": "Biergarten", "status": "wunschliste", "q": "unbewertet", "p": "normal", "notiz": "", "tags": "", "besucht_am": ""}}, {"type": "Feature", "geometry": {"type": "Point", "coordinates": [13.4317947, 52.502023]}, "properties": {"id": "r0674", "name": "Big Stuff Smoked BBQ", "typ": "Restaurant", "status": "wunschliste", "q": "top", "p": "normal", "notiz": "", "tags": "", "besucht_am": ""}}, {"type": "Feature", "geometry": {"type": "Point", "coordinates": [13.4000956, 52.5229922]}, "properties": {"id": "r0675", "name": "Bijou Bar", "typ": "Bar", "status": "wunschliste", "q": "unbewertet", "p": "normal", "notiz": "", "tags": "", "besucht_am": ""}}, {"type": "Feature", "geometry": {"type": "Point", "coordinates": [13.42344, 52.53862]}, "properties": {"id": "r0676", "name": "Birra - Italian Craft Beer", "typ": "Kneipe", "status": "wunschliste", "q": "top", "p": "normal", "notiz": "", "tags": "", "besucht_am": ""}}, {"type": "Feature", "geometry": {"type": "Point", "coordinates": [13.3967452, 52.5124386]}, "properties": {"id": "r0677", "name": "BLESS Restaurant", "typ": "Asia", "status": "wunschliste", "q": "top", "p": "teuer", "notiz": "", "tags": "", "besucht_am": ""}}, {"type": "Feature", "geometry": {"type": "Point", "coordinates": [13.4213038, 52.5057878]}, "properties": {"id": "r0678", "name": "Blumental", "typ": "Restaurant", "status": "wunschliste", "q": "top", "p": "normal", "notiz": "", "tags": "", "besucht_am": ""}}, {"type": "Feature", "geometry": {"type": "Point", "coordinates": [13.342025, 52.4970318]}, "properties": {"id": "r0679", "name": "Bob & Thoms", "typ": "Restaurant", "status": "wunschliste", "q": "top", "p": "teuer", "notiz": "", "tags": "", "besucht_am": ""}}, {"type": "Feature", "geometry": {"type": "Point", "coordinates": [13.405378, 52.539964]}, "properties": {"id": "r0680", "name": "Bonanza Coffee Roasters", "typ": "Café", "status": "wunschliste", "q": "unbewertet", "p": "normal", "notiz": "", "tags": "", "besucht_am": ""}}, {"type": "Feature", "geometry": {"type": "Point", "coordinates": [13.4203236, 52.5041618]}, "properties": {"id": "r0681", "name": "Bonanza Coffee Roasters", "typ": "Café", "status": "wunschliste", "q": "unbewertet", "p": "normal", "notiz": "", "tags": "", "besucht_am": ""}}, {"type": "Feature", "geometry": {"type": "Point", "coordinates": [13.3537009, 52.4945096]}, "properties": {"id": "r0682", "name": "Bonvivant Cocktail Bistro", "typ": "Bar", "status": "wunschliste", "q": "top", "p": "normal", "notiz": "", "tags": "", "besucht_am": ""}}, {"type": "Feature", "geometry": {"type": "Point", "coordinates": [13.315628, 52.5058693]}, "properties": {"id": "r0683", "name": "Borriquito", "typ": "Restaurant", "status": "wunschliste", "q": "gut", "p": "guenstig", "notiz": "", "tags": "", "besucht_am": ""}}, {"type": "Feature", "geometry": {"type": "Point", "coordinates": [13.3249411, 52.4978317]}, "properties": {"id": "r0684", "name": "Bostich", "typ": "Restaurant", "status": "wunschliste", "q": "unbewertet", "p": "ueberteuert", "notiz": "", "tags": "", "besucht_am": ""}}, {"type": "Feature", "geometry": {"type": "Point", "coordinates": [13.3156955, 52.504058]}, "properties": {"id": "r0685", "name": "Bottega Seppel", "typ": "Restaurant", "status": "wunschliste", "q": "top", "p": "normal", "notiz": "", "tags": "", "besucht_am": ""}}, {"type": "Feature", "geometry": {"type": "Point", "coordinates": [13.31914, 52.4983]}, "properties": {"id": "r0686", "name": "Boujee", "typ": "Restaurant", "status": "wunschliste", "q": "unbewertet", "p": "normal", "notiz": "", "tags": "", "besucht_am": ""}}, {"type": "Feature", "geometry": {"type": "Point", "coordinates": [13.4229792, 52.488492]}, "properties": {"id": "r0687", "name": "Boutique de LA MAISON", "typ": "Frühstück", "status": "wunschliste", "q": "unbewertet", "p": "normal", "notiz": "", "tags": "", "besucht_am": ""}}, {"type": "Feature", "geometry": {"type": "Point", "coordinates": [13.3036523, 52.5022258]}, "properties": {"id": "r0688", "name": "Bragato Vini & Gastronomia", "typ": "Restaurant", "status": "wunschliste", "q": "top", "p": "normal", "notiz": "", "tags": "", "besucht_am": ""}}, {"type": "Feature", "geometry": {"type": "Point", "coordinates": [13.4532005, 52.5129229]}, "properties": {"id": "r0689", "name": "Brammibal's Donuts", "typ": "Café", "status": "wunschliste", "q": "top", "p": "normal", "notiz": "", "tags": "", "besucht_am": ""}}, {"type": "Feature", "geometry": {"type": "Point", "coordinates": [13.4148832, 52.4931708]}, "properties": {"id": "r0690", "name": "Brandi Espresso Bar", "typ": "Café", "status": "wunschliste", "q": "top", "p": "normal", "notiz": "", "tags": "", "besucht_am": ""}}, {"type": "Feature", "geometry": {"type": "Point", "coordinates": [13.3395213, 52.5011194]}, "properties": {"id": "r0691", "name": "Brasserie Colette", "typ": "Restaurant", "status": "wunschliste", "q": "top", "p": "normal", "notiz": "", "tags": "", "besucht_am": ""}}, {"type": "Feature", "geometry": {"type": "Point", "coordinates": [13.4482967, 52.5050156]}, "properties": {"id": "r0692", "name": "Brasserie Dandelion", "typ": "Restaurant", "status": "wunschliste", "q": "top", "p": "normal", "notiz": "", "tags": "", "besucht_am": ""}}, {"type": "Feature", "geometry": {"type": "Point", "coordinates": [13.3246431, 52.502099]}, "properties": {"id": "r0693", "name": "Brasserie Le Paris", "typ": "Restaurant", "status": "wunschliste", "q": "unbewertet", "p": "normal", "notiz": "", "tags": "", "besucht_am": ""}}, {"type": "Feature", "geometry": {"type": "Point", "coordinates": [13.3993791, 52.5235284]}, "properties": {"id": "r0694", "name": "Breggs", "typ": "Frühstück", "status": "wunschliste", "q": "unbewertet", "p": "normal", "notiz": "", "tags": "", "besucht_am": ""}}, {"type": "Feature", "geometry": {"type": "Point", "coordinates": [13.3322358, 52.468289]}, "properties": {"id": "r0695", "name": "Brigantino", "typ": "Restaurant", "status": "wunschliste", "q": "top", "p": "normal", "notiz": "", "tags": "", "besucht_am": ""}}, {"type": "Feature", "geometry": {"type": "Point", "coordinates": [13.3106782, 52.5018153]}, "properties": {"id": "r0696", "name": "BRLO Charlottenburg", "typ": "Kneipe", "status": "wunschliste", "q": "unbewertet", "p": "normal", "notiz": "", "tags": "", "besucht_am": ""}}, {"type": "Feature", "geometry": {"type": "Point", "coordinates": [13.3228382, 52.5108794]}, "properties": {"id": "r0697", "name": "Brot & Butter", "typ": "Café", "status": "wunschliste", "q": "unbewertet", "p": "normal", "notiz": "", "tags": "", "besucht_am": ""}}, {"type": "Feature", "geometry": {"type": "Point", "coordinates": [13.3781395, 52.4585495]}, "properties": {"id": "r0698", "name": "Bruno", "typ": "Restaurant", "status": "wunschliste", "q": "top", "p": "normal", "notiz": "", "tags": "", "besucht_am": ""}}, {"type": "Feature", "geometry": {"type": "Point", "coordinates": [13.3613216, 52.4910936]}, "properties": {"id": "r0699", "name": "Bulent Borekcilik Berlin Schöneberg", "typ": "Imbiss", "status": "wunschliste", "q": "gut", "p": "guenstig", "notiz": "", "tags": "", "besucht_am": ""}}, {"type": "Feature", "geometry": {"type": "Point", "coordinates": [13.4239201, 52.4749885]}, "properties": {"id": "r0700", "name": "BURRO UNCHAINED", "typ": "Restaurant", "status": "wunschliste", "q": "top", "p": "normal", "notiz": "", "tags": "", "besucht_am": ""}}, {"type": "Feature", "geometry": {"type": "Point", "coordinates": [13.4233648, 52.4971335]}, "properties": {"id": "r0701", "name": "Buya Ramen Factory", "typ": "Asia", "status": "wunschliste", "q": "top", "p": "normal", "notiz": "", "tags": "", "besucht_am": ""}}, {"type": "Feature", "geometry": {"type": "Point", "coordinates": [13.4082873, 52.5529613]}, "properties": {"id": "r0702", "name": "Bäckerei Siebert", "typ": "Frühstück", "status": "wunschliste", "q": "top", "p": "normal", "notiz": "", "tags": "", "besucht_am": ""}}, {"type": "Feature", "geometry": {"type": "Point", "coordinates": [13.4113103, 52.5473317]}, "properties": {"id": "r0703", "name": "Cafe Bar Restaurant Shan Shan", "typ": "Asia", "status": "wunschliste", "q": "unbewertet", "p": "normal", "notiz": "", "tags": "", "besucht_am": ""}}, {"type": "Feature", "geometry": {"type": "Point", "coordinates": [13.2928017, 52.4413583]}, "properties": {"id": "r0704", "name": "Cafe Fuchs Curtis", "typ": "Frühstück", "status": "wunschliste", "q": "top", "p": "normal", "notiz": "", "tags": "", "besucht_am": ""}}, {"type": "Feature", "geometry": {"type": "Point", "coordinates": [13.425537, 52.494199]}, "properties": {"id": "r0705", "name": "Cafe Jacques", "typ": "Restaurant", "status": "wunschliste", "q": "unbewertet", "p": "normal", "notiz": "", "tags": "", "besucht_am": ""}}, {"type": "Feature", "geometry": {"type": "Point", "coordinates": [13.3099406, 52.5022926]}, "properties": {"id": "r0706", "name": "Cafe Maître Münch", "typ": "Café", "status": "wunschliste", "q": "unbewertet", "p": "normal", "notiz": "", "tags": "", "besucht_am": ""}}, {"type": "Feature", "geometry": {"type": "Point", "coordinates": [13.401102, 52.488716]}, "properties": {"id": "r0707", "name": "Cafe Strauss", "typ": "Café", "status": "wunschliste", "q": "top", "p": "normal", "notiz": "", "tags": "", "besucht_am": ""}}, {"type": "Feature", "geometry": {"type": "Point", "coordinates": [13.3566281, 52.4900812]}, "properties": {"id": "r0708", "name": "Caffemania", "typ": "Café", "status": "wunschliste", "q": "top", "p": "normal", "notiz": "", "tags": "", "besucht_am": ""}}, {"type": "Feature", "geometry": {"type": "Point", "coordinates": [13.4153581, 52.5480312]}, "properties": {"id": "r0709", "name": "Caffè Monelli Berlin", "typ": "Café", "status": "wunschliste", "q": "top", "p": "normal", "notiz": "", "tags": "", "besucht_am": ""}}, {"type": "Feature", "geometry": {"type": "Point", "coordinates": [13.3693658, 52.4900879]}, "properties": {"id": "r0710", "name": "Café Aroma", "typ": "Restaurant", "status": "wunschliste", "q": "unbewertet", "p": "normal", "notiz": "", "tags": "", "besucht_am": ""}}, {"type": "Feature", "geometry": {"type": "Point", "coordinates": [13.441145, 52.477215]}, "properties": {"id": "r0711", "name": "Café Botanico", "typ": "Restaurant", "status": "wunschliste", "q": "top", "p": "normal", "notiz": "", "tags": "", "besucht_am": ""}}, {"type": "Feature", "geometry": {"type": "Point", "coordinates": [13.354742, 52.502105]}, "properties": {"id": "r0712", "name": "Café Einstein", "typ": "Café", "status": "wunschliste", "q": "unbewertet", "p": "normal", "notiz": "", "tags": "", "besucht_am": ""}}, {"type": "Feature", "geometry": {"type": "Point", "coordinates": [13.3651097, 52.4995084]}, "properties": {"id": "r0713", "name": "café Odor", "typ": "Restaurant", "status": "wunschliste", "q": "top", "p": "normal", "notiz": "", "tags": "", "besucht_am": ""}}, {"type": "Feature", "geometry": {"type": "Point", "coordinates": [13.4237258, 52.478628]}, "properties": {"id": "r0714", "name": "Café Pilz", "typ": "Restaurant", "status": "wunschliste", "q": "top", "p": "normal", "notiz": "", "tags": "", "besucht_am": ""}}, {"type": "Feature", "geometry": {"type": "Point", "coordinates": [13.439239, 52.476986]}, "properties": {"id": "r0715", "name": "Café Rix", "typ": "Restaurant", "status": "wunschliste", "q": "unbewertet", "p": "normal", "notiz": "", "tags": "", "besucht_am": ""}}, {"type": "Feature", "geometry": {"type": "Point", "coordinates": [13.439239, 52.476986]}, "properties": {"id": "r0716", "name": "Café Rix", "typ": "Frühstück", "status": "wunschliste", "q": "unbewertet", "p": "normal", "notiz": "", "tags": "", "besucht_am": ""}}, {"type": "Feature", "geometry": {"type": "Point", "coordinates": [13.3922809, 52.5303634]}, "properties": {"id": "r0717", "name": "Café Schroeder", "typ": "Frühstück", "status": "wunschliste", "q": "unbewertet", "p": "normal", "notiz": "", "tags": "", "besucht_am": ""}}, {"type": "Feature", "geometry": {"type": "Point", "coordinates": [13.3944188, 52.5264072]}, "properties": {"id": "r0718", "name": "Candyman Izakaya", "typ": "Asia", "status": "wunschliste", "q": "unbewertet", "p": "normal", "notiz": "", "tags": "", "besucht_am": ""}}, {"type": "Feature", "geometry": {"type": "Point", "coordinates": [13.3319559, 52.512703]}, "properties": {"id": "r0719", "name": "Capt'n Schillow", "typ": "Biergarten", "status": "wunschliste", "q": "unbewertet", "p": "normal", "notiz": "", "tags": "", "besucht_am": ""}}, {"type": "Feature", "geometry": {"type": "Point", "coordinates": [13.3458579, 52.5229764]}, "properties": {"id": "r0720", "name": "CARL & SOPHIE Spree Restaurant", "typ": "Restaurant", "status": "wunschliste", "q": "unbewertet", "p": "normal", "notiz": "", "tags": "", "besucht_am": ""}}, {"type": "Feature", "geometry": {"type": "Point", "coordinates": [13.3941983, 52.4859381]}, "properties": {"id": "r0721", "name": "Castel Montecroce", "typ": "Restaurant", "status": "wunschliste", "q": "unbewertet", "p": "normal", "notiz": "", "tags": "", "besucht_am": ""}}, {"type": "Feature", "geometry": {"type": "Point", "coordinates": [13.416553, 52.501288]}, "properties": {"id": "r0722", "name": "Cevicheria", "typ": "Restaurant", "status": "wunschliste", "q": "unbewertet", "p": "normal", "notiz": "", "tags": "", "besucht_am": ""}}, {"type": "Feature", "geometry": {"type": "Point", "coordinates": [13.3956902, 52.4897848]}, "properties": {"id": "r0723", "name": "Chapter One Coffee", "typ": "Café", "status": "wunschliste", "q": "top", "p": "normal", "notiz": "", "tags": "", "besucht_am": ""}}, {"type": "Feature", "geometry": {"type": "Point", "coordinates": [13.3907528, 52.5152528]}, "properties": {"id": "r0724", "name": "Charlotte & Fritz", "typ": "Restaurant", "status": "wunschliste", "q": "unbewertet", "p": "ueberteuert", "notiz": "", "tags": "", "besucht_am": ""}}, {"type": "Feature", "geometry": {"type": "Point", "coordinates": [13.3938802, 52.5156695]}, "properties": {"id": "r0725", "name": "CHIARO", "typ": "Restaurant", "status": "wunschliste", "q": "unbewertet", "p": "ueberteuert", "notiz": "", "tags": "", "besucht_am": ""}}, {"type": "Feature", "geometry": {"type": "Point", "coordinates": [13.3372669, 52.5029931]}, "properties": {"id": "r0726", "name": "Chicago Williams BBQ", "typ": "Steak/Grill", "status": "wunschliste", "q": "unbewertet", "p": "normal", "notiz": "", "tags": "", "besucht_am": ""}}, {"type": "Feature", "geometry": {"type": "Point", "coordinates": [13.4278506, 52.4931486]}, "properties": {"id": "r0727", "name": "Chicha", "typ": "Restaurant", "status": "wunschliste", "q": "unbewertet", "p": "normal", "notiz": "", "tags": "", "besucht_am": ""}}, {"type": "Feature", "geometry": {"type": "Point", "coordinates": [13.4554662, 52.4296367]}, "properties": {"id": "r0728", "name": "chidoba MEXICAN GRILL", "typ": "Imbiss", "status": "wunschliste", "q": "top", "p": "normal", "notiz": "", "tags": "", "besucht_am": ""}}, {"type": "Feature", "geometry": {"type": "Point", "coordinates": [13.305654, 52.499172]}, "properties": {"id": "r0729", "name": "Chinesisches Restaurant Hot Spot", "typ": "Asia", "status": "wunschliste", "q": "unbewertet", "p": "normal", "notiz": "", "tags": "", "besucht_am": ""}}, {"type": "Feature", "geometry": {"type": "Point", "coordinates": [13.4525, 52.5133333]}, "properties": {"id": "r0730", "name": "Chipi Chipi Bombón", "typ": "Eis", "status": "wunschliste", "q": "top", "p": "normal", "notiz": "", "tags": "", "besucht_am": ""}}, {"type": "Feature", "geometry": {"type": "Point", "coordinates": [13.4232765, 52.4973519]}, "properties": {"id": "r0731", "name": "Chungking Noodles", "typ": "Asia", "status": "wunschliste", "q": "unbewertet", "p": "normal", "notiz": "", "tags": "", "besucht_am": ""}}, {"type": "Feature", "geometry": {"type": "Point", "coordinates": [13.2691689, 52.4618967]}, "properties": {"id": "r0732", "name": "Châlet Suisse", "typ": "Biergarten", "status": "wunschliste", "q": "unbewertet", "p": "normal", "notiz": "", "tags": "", "besucht_am": ""}}, {"type": "Feature", "geometry": {"type": "Point", "coordinates": [13.4203535, 52.4953274]}, "properties": {"id": "r0733", "name": "Cicala Caffetteria Italiana", "typ": "Frühstück", "status": "wunschliste", "q": "top", "p": "normal", "notiz": "", "tags": "", "besucht_am": ""}}, {"type": "Feature", "geometry": {"type": "Point", "coordinates": [13.3223216, 52.4970493]}, "properties": {"id": "r0734", "name": "Cicchetti da Rosa (Salumeria Rosa)", "typ": "Restaurant", "status": "wunschliste", "q": "top", "p": "normal", "notiz": "", "tags": "", "besucht_am": ""}}, {"type": "Feature", "geometry": {"type": "Point", "coordinates": [13.434056, 52.484939]}, "properties": {"id": "r0735", "name": "City Chicken", "typ": "Imbiss", "status": "wunschliste", "q": "gut", "p": "guenstig", "notiz": "", "tags": "", "besucht_am": ""}}, {"type": "Feature", "geometry": {"type": "Point", "coordinates": [13.320139, 52.453178]}, "properties": {"id": "r0736", "name": "Clandestine", "typ": "Bar", "status": "wunschliste", "q": "top", "p": "normal", "notiz": "", "tags": "", "besucht_am": ""}}, {"type": "Feature", "geometry": {"type": "Point", "coordinates": [13.4180272, 52.4938239]}, "properties": {"id": "r0737", "name": "Cocolo", "typ": "Asia", "status": "wunschliste", "q": "top", "p": "normal", "notiz": "", "tags": "", "besucht_am": ""}}, {"type": "Feature", "geometry": {"type": "Point", "coordinates": [13.4412245, 52.4834042]}, "properties": {"id": "r0738", "name": "Companion Tea and Coffee", "typ": "Café", "status": "wunschliste", "q": "top", "p": "normal", "notiz": "", "tags": "", "besucht_am": ""}}, {"type": "Feature", "geometry": {"type": "Point", "coordinates": [13.4205787, 52.4876707]}, "properties": {"id": "r0739", "name": "Con Tho", "typ": "Asia", "status": "wunschliste", "q": "top", "p": "normal", "notiz": "", "tags": "", "besucht_am": ""}}, {"type": "Feature", "geometry": {"type": "Point", "coordinates": [13.3881747, 52.5161265]}, "properties": {"id": "r0740", "name": "Cookies Cream", "typ": "Restaurant", "status": "wunschliste", "q": "top", "p": "teuer", "notiz": "", "tags": "", "besucht_am": ""}}, {"type": "Feature", "geometry": {"type": "Point", "coordinates": [13.3538889, 52.5475]}, "properties": {"id": "r0741", "name": "Corallo", "typ": "Restaurant", "status": "wunschliste", "q": "unbewertet", "p": "normal", "notiz": "", "tags": "", "besucht_am": ""}}, {"type": "Feature", "geometry": {"type": "Point", "coordinates": [13.355968, 52.5418297]}, "properties": {"id": "r0742", "name": "COZYMAZU", "typ": "Asia", "status": "wunschliste", "q": "top", "p": "normal", "notiz": "", "tags": "", "besucht_am": ""}}, {"type": "Feature", "geometry": {"type": "Point", "coordinates": [13.4407992, 52.4835709]}, "properties": {"id": "r0743", "name": "CRAZY BASTARD KITCHEN", "typ": "Imbiss", "status": "wunschliste", "q": "top", "p": "normal", "notiz": "", "tags": "", "besucht_am": ""}}, {"type": "Feature", "geometry": {"type": "Point", "coordinates": [13.4302766, 52.502095]}, "properties": {"id": "r0744", "name": "Crazy Kims", "typ": "Asia", "status": "wunschliste", "q": "top", "p": "normal", "notiz": "", "tags": "", "besucht_am": ""}}, {"type": "Feature", "geometry": {"type": "Point", "coordinates": [13.36378, 52.49421]}, "properties": {"id": "r0745", "name": "Da Jia Le", "typ": "Asia", "status": "wunschliste", "q": "unbewertet", "p": "normal", "notiz": "", "tags": "", "besucht_am": ""}}, {"type": "Feature", "geometry": {"type": "Point", "coordinates": [13.3823353, 52.5538371]}, "properties": {"id": "r0746", "name": "Dal Tokki", "typ": "Asia", "status": "wunschliste", "q": "top", "p": "normal", "notiz": "", "tags": "", "besucht_am": ""}}, {"type": "Feature", "geometry": {"type": "Point", "coordinates": [13.3689603, 52.5475462]}, "properties": {"id": "r0747", "name": "Dan Thai Food", "typ": "Asia", "status": "wunschliste", "q": "top", "p": "normal", "notiz": "", "tags": "", "besucht_am": ""}}, {"type": "Feature", "geometry": {"type": "Point", "coordinates": [13.3150963, 52.5060468]}, "properties": {"id": "r0748", "name": "DAO by Meo Thai-Restaurant", "typ": "Asia", "status": "wunschliste", "q": "unbewertet", "p": "normal", "notiz": "", "tags": "", "besucht_am": ""}}, {"type": "Feature", "geometry": {"type": "Point", "coordinates": [13.2997598, 52.4561576]}, "properties": {"id": "r0749", "name": "Das Café in der Gartenakademie", "typ": "Frühstück", "status": "wunschliste", "q": "top", "p": "normal", "notiz": "", "tags": "", "besucht_am": ""}}, {"type": "Feature", "geometry": {"type": "Point", "coordinates": [13.3325844, 52.5166012]}, "properties": {"id": "r0750", "name": "DASHI Canteen", "typ": "Asia", "status": "wunschliste", "q": "top", "p": "normal", "notiz": "", "tags": "", "besucht_am": ""}}, {"type": "Feature", "geometry": {"type": "Point", "coordinates": [13.4569717, 52.5106641]}, "properties": {"id": "r0751", "name": "Delabuu Ice Cream", "typ": "Eis", "status": "wunschliste", "q": "top", "p": "normal", "notiz": "", "tags": "", "besucht_am": ""}}, {"type": "Feature", "geometry": {"type": "Point", "coordinates": [13.4125338, 52.5459578]}, "properties": {"id": "r0752", "name": "Der Fischladen", "typ": "Fisch", "status": "wunschliste", "q": "unbewertet", "p": "normal", "notiz": "", "tags": "", "besucht_am": ""}}, {"type": "Feature", "geometry": {"type": "Point", "coordinates": [13.4520614, 52.4790404]}, "properties": {"id": "r0753", "name": "Desi Diner", "typ": "Restaurant", "status": "wunschliste", "q": "gut", "p": "guenstig", "notiz": "", "tags": "", "besucht_am": ""}}, {"type": "Feature", "geometry": {"type": "Point", "coordinates": [13.4262273, 52.5115369]}, "properties": {"id": "r0754", "name": "Die Backpfeife", "typ": "Café", "status": "wunschliste", "q": "top", "p": "normal", "notiz": "", "tags": "", "besucht_am": ""}}, {"type": "Feature", "geometry": {"type": "Point", "coordinates": [13.4111081, 52.4912408]}, "properties": {"id": "r0755", "name": "Die Eismacher - Berlin", "typ": "Eis", "status": "wunschliste", "q": "top", "p": "normal", "notiz": "", "tags": "", "besucht_am": ""}}, {"type": "Feature", "geometry": {"type": "Point", "coordinates": [13.323617, 52.504686]}, "properties": {"id": "r0756", "name": "Diener", "typ": "Restaurant", "status": "wunschliste", "q": "unbewertet", "p": "normal", "notiz": "", "tags": "", "besucht_am": ""}}, {"type": "Feature", "geometry": {"type": "Point", "coordinates": [13.3914502, 52.5541011]}, "properties": {"id": "r0757", "name": "dilekerei", "typ": "Café", "status": "wunschliste", "q": "top", "p": "normal", "notiz": "", "tags": "", "besucht_am": ""}}, {"type": "Feature", "geometry": {"type": "Point", "coordinates": [13.3101279, 52.5062724]}, "properties": {"id": "r0758", "name": "Do De Li", "typ": "Asia", "status": "wunschliste", "q": "unbewertet", "p": "normal", "notiz": "", "tags": "", "besucht_am": ""}}, {"type": "Feature", "geometry": {"type": "Point", "coordinates": [13.3195606, 52.5035485]}, "properties": {"id": "r0759", "name": "Dolce far niente Berlin", "typ": "Frühstück", "status": "wunschliste", "q": "top", "p": "normal", "notiz": "", "tags": "", "besucht_am": ""}}, {"type": "Feature", "geometry": {"type": "Point", "coordinates": [13.3383117, 52.5238982]}, "properties": {"id": "r0760", "name": "Domberger bread-Werk GmbH & Co KG", "typ": "Frühstück", "status": "wunschliste", "q": "top", "p": "normal", "notiz": "", "tags": "", "besucht_am": ""}}, {"type": "Feature", "geometry": {"type": "Point", "coordinates": [13.2934984, 52.5890736]}, "properties": {"id": "r0761", "name": "Domberger Brot-Werk GmbH & Co KG", "typ": "Frühstück", "status": "wunschliste", "q": "top", "p": "normal", "notiz": "", "tags": "", "besucht_am": ""}}, {"type": "Feature", "geometry": {"type": "Point", "coordinates": [13.4161231, 52.5360576]}, "properties": {"id": "r0762", "name": "Domu Nosta", "typ": "Restaurant", "status": "wunschliste", "q": "top", "p": "normal", "notiz": "", "tags": "", "besucht_am": ""}}, {"type": "Feature", "geometry": {"type": "Point", "coordinates": [13.4335, 52.4835194]}, "properties": {"id": "r0763", "name": "Donau115", "typ": "Club/Livemusik", "status": "wunschliste", "q": "top", "p": "normal", "notiz": "", "tags": "", "besucht_am": ""}}, {"type": "Feature", "geometry": {"type": "Point", "coordinates": [13.4336227, 52.5532884]}, "properties": {"id": "r0764", "name": "Dotori - Korean Anju Bar", "typ": "Asia", "status": "wunschliste", "q": "top", "p": "normal", "notiz": "", "tags": "", "besucht_am": ""}}, {"type": "Feature", "geometry": {"type": "Point", "coordinates": [13.4347244, 52.4865193]}, "properties": {"id": "r0765", "name": "dots", "typ": "Frühstück", "status": "wunschliste", "q": "top", "p": "normal", "notiz": "", "tags": "", "besucht_am": ""}}, {"type": "Feature", "geometry": {"type": "Point", "coordinates": [13.354066, 52.4879893]}, "properties": {"id": "r0766", "name": "DoubleEye", "typ": "Café", "status": "wunschliste", "q": "top", "p": "normal", "notiz": "", "tags": "", "besucht_am": ""}}, {"type": "Feature", "geometry": {"type": "Point", "coordinates": [13.4173389, 52.4982593]}, "properties": {"id": "r0767", "name": "Doyum Restaurant", "typ": "Imbiss", "status": "wunschliste", "q": "unbewertet", "p": "normal", "notiz": "", "tags": "", "besucht_am": ""}}, {"type": "Feature", "geometry": {"type": "Point", "coordinates": [13.4338741, 52.494942]}, "properties": {"id": "r0768", "name": "Dr & Dr Middle Eastern Culture and Food Lab", "typ": "Restaurant", "status": "wunschliste", "q": "unbewertet", "p": "normal", "notiz": "", "tags": "", "besucht_am": ""}}, {"type": "Feature", "geometry": {"type": "Point", "coordinates": [13.434898, 52.4860242]}, "properties": {"id": "r0769", "name": "Dr To's", "typ": "Restaurant", "status": "wunschliste", "q": "unbewertet", "p": "normal", "notiz": "", "tags": "", "besucht_am": ""}}, {"type": "Feature", "geometry": {"type": "Point", "coordinates": [13.4135306, 52.5457073]}, "properties": {"id": "r0770", "name": "Dr. Maury", "typ": "Weinbar", "status": "wunschliste", "q": "top", "p": "normal", "notiz": "", "tags": "", "besucht_am": ""}}, {"type": "Feature", "geometry": {"type": "Point", "coordinates": [13.428672, 52.5334713]}, "properties": {"id": "r0771", "name": "Duc Anh Vietnamese Street Food", "typ": "Asia", "status": "wunschliste", "q": "gut", "p": "guenstig", "notiz": "", "tags": "", "besucht_am": ""}}, {"type": "Feature", "geometry": {"type": "Point", "coordinates": [13.3195362, 52.5001647]}, "properties": {"id": "r0772", "name": "Dudu31", "typ": "Asia", "status": "wunschliste", "q": "unbewertet", "p": "normal", "notiz": "", "tags": "", "besucht_am": ""}}, {"type": "Feature", "geometry": {"type": "Point", "coordinates": [13.5770142, 52.4479303]}, "properties": {"id": "r0773", "name": "Duke Bar", "typ": "Bar", "status": "wunschliste", "q": "unbewertet", "p": "normal", "notiz": "", "tags": "", "besucht_am": ""}}, {"type": "Feature", "geometry": {"type": "Point", "coordinates": [13.3630399, 52.5429257]}, "properties": {"id": "r0774", "name": "DUKKI", "typ": "Asia", "status": "wunschliste", "q": "top", "p": "normal", "notiz": "", "tags": "", "besucht_am": ""}}, {"type": "Feature", "geometry": {"type": "Point", "coordinates": [13.4388173, 52.5006767]}, "properties": {"id": "r0775", "name": "Duo - Sicilian Ice Cream", "typ": "Eis", "status": "wunschliste", "q": "top", "p": "normal", "notiz": "", "tags": "", "besucht_am": ""}}, {"type": "Feature", "geometry": {"type": "Point", "coordinates": [13.4298983, 52.4991449]}, "properties": {"id": "r0776", "name": "EIGENGRAU", "typ": "Bar", "status": "wunschliste", "q": "unbewertet", "p": "normal", "notiz": "", "tags": "", "besucht_am": ""}}, {"type": "Feature", "geometry": {"type": "Point", "coordinates": [13.448727, 52.4733489]}, "properties": {"id": "r0777", "name": "EISDERIX", "typ": "Eis", "status": "wunschliste", "q": "top", "p": "normal", "notiz": "", "tags": "", "besucht_am": ""}}, {"type": "Feature", "geometry": {"type": "Point", "coordinates": [13.2949434, 52.4425581]}, "properties": {"id": "r0778", "name": "Eiskimo Berlin", "typ": "Eis", "status": "wunschliste", "q": "top", "p": "normal", "notiz": "", "tags": "", "besucht_am": ""}}, {"type": "Feature", "geometry": {"type": "Point", "coordinates": [13.4617643, 52.5110725]}, "properties": {"id": "r0779", "name": "EisPiraten", "typ": "Eis", "status": "wunschliste", "q": "top", "p": "normal", "notiz": "", "tags": "", "besucht_am": ""}}, {"type": "Feature", "geometry": {"type": "Point", "coordinates": [13.3463344, 52.5201644]}, "properties": {"id": "r0780", "name": "Eisteufelchen", "typ": "Eis", "status": "wunschliste", "q": "top", "p": "normal", "notiz": "", "tags": "", "besucht_am": ""}}, {"type": "Feature", "geometry": {"type": "Point", "coordinates": [13.4584802, 52.5098299]}, "properties": {"id": "r0781", "name": "Ember − Open Fire Cooking", "typ": "Restaurant", "status": "wunschliste", "q": "top", "p": "normal", "notiz": "", "tags": "", "besucht_am": ""}}, {"type": "Feature", "geometry": {"type": "Point", "coordinates": [13.4275818, 52.4980606]}, "properties": {"id": "r0782", "name": "Ember − Open Fire Cooking", "typ": "Restaurant", "status": "wunschliste", "q": "top", "p": "normal", "notiz": "", "tags": "", "besucht_am": ""}}, {"type": "Feature", "geometry": {"type": "Point", "coordinates": [13.2938677, 52.5085445]}, "properties": {"id": "r0783", "name": "Engelbecken", "typ": "Restaurant", "status": "wunschliste", "q": "top", "p": "normal", "notiz": "", "tags": "", "besucht_am": ""}}, {"type": "Feature", "geometry": {"type": "Point", "coordinates": [13.323051, 52.508256]}, "properties": {"id": "r0784", "name": "Enoteca L'Angolino", "typ": "Restaurant", "status": "wunschliste", "q": "top", "p": "normal", "notiz": "", "tags": "", "besucht_am": ""}}, {"type": "Feature", "geometry": {"type": "Point", "coordinates": [13.2549063, 52.5161136]}, "properties": {"id": "r0785", "name": "Epavlis Restaurant Berlin", "typ": "Restaurant", "status": "wunschliste", "q": "top", "p": "normal", "notiz": "", "tags": "", "besucht_am": ""}}, {"type": "Feature", "geometry": {"type": "Point", "coordinates": [13.3571186, 52.519756]}, "properties": {"id": "r0786", "name": "Ergün's Fischbude", "typ": "Fisch", "status": "wunschliste", "q": "gut", "p": "guenstig", "notiz": "", "tags": "", "besucht_am": ""}}, {"type": "Feature", "geometry": {"type": "Point", "coordinates": [13.3684778, 52.544983]}, "properties": {"id": "r0787", "name": "Ernst Cave", "typ": "Weinbar", "status": "wunschliste", "q": "unbewertet", "p": "ueberteuert", "notiz": "", "tags": "", "besucht_am": ""}}, {"type": "Feature", "geometry": {"type": "Point", "coordinates": [13.359141, 52.5437362]}, "properties": {"id": "r0788", "name": "Eschenbräu", "typ": "Kneipe", "status": "wunschliste", "q": "top", "p": "normal", "notiz": "", "tags": "", "besucht_am": ""}}, {"type": "Feature", "geometry": {"type": "Point", "coordinates": [13.4017244, 52.524473]}, "properties": {"id": "r0789", "name": "Eschschloraque", "typ": "Bar", "status": "wunschliste", "q": "unbewertet", "p": "normal", "notiz": "", "tags": "", "besucht_am": ""}}, {"type": "Feature", "geometry": {"type": "Point", "coordinates": [13.4093956, 52.5490746]}, "properties": {"id": "r0790", "name": "Estelle Dining", "typ": "Restaurant", "status": "wunschliste", "q": "top", "p": "normal", "notiz": "", "tags": "", "besucht_am": ""}}, {"type": "Feature", "geometry": {"type": "Point", "coordinates": [13.4362395, 52.482495]}, "properties": {"id": "r0791", "name": "EZSRA", "typ": "Restaurant", "status": "wunschliste", "q": "unbewertet", "p": "normal", "notiz": "", "tags": "", "besucht_am": ""}}, {"type": "Feature", "geometry": {"type": "Point", "coordinates": [13.352074, 52.4935729]}, "properties": {"id": "r0792", "name": "FABELEI Cocktailbar", "typ": "Bar", "status": "wunschliste", "q": "top", "p": "normal", "notiz": "", "tags": "", "besucht_am": ""}}, {"type": "Feature", "geometry": {"type": "Point", "coordinates": [13.3736812, 52.5089801]}, "properties": {"id": "r0793", "name": "FACIL", "typ": "Restaurant", "status": "wunschliste", "q": "top", "p": "teuer", "notiz": "", "tags": "", "besucht_am": ""}}, {"type": "Feature", "geometry": {"type": "Point", "coordinates": [13.3879033, 52.5257747]}, "properties": {"id": "r0794", "name": "FACTORY GIRL Restaurant", "typ": "Frühstück", "status": "wunschliste", "q": "unbewertet", "p": "normal", "notiz": "", "tags": "", "besucht_am": ""}}, {"type": "Feature", "geometry": {"type": "Point", "coordinates": [13.3547931, 52.489174]}, "properties": {"id": "r0795", "name": "Faelt", "typ": "Restaurant", "status": "wunschliste", "q": "top", "p": "teuer", "notiz": "", "tags": "", "besucht_am": ""}}, {"type": "Feature", "geometry": {"type": "Point", "coordinates": [13.3267044, 52.4961334]}, "properties": {"id": "r0796", "name": "Fasanen 47", "typ": "Bar", "status": "wunschliste", "q": "top", "p": "normal", "notiz": "", "tags": "", "besucht_am": ""}}, {"type": "Feature", "geometry": {"type": "Point", "coordinates": [13.4512362, 52.5103583]}, "properties": {"id": "r0797", "name": "Fitcher's Vogel", "typ": "Bar", "status": "wunschliste", "q": "unbewertet", "p": "normal", "notiz": "", "tags": "", "besucht_am": ""}}, {"type": "Feature", "geometry": {"type": "Point", "coordinates": [13.2931136, 52.4963494]}, "properties": {"id": "r0798", "name": "Fleischerei Jens-Uwe Bünger", "typ": "Steak/Grill", "status": "wunschliste", "q": "unbewertet", "p": "normal", "notiz": "", "tags": "", "besucht_am": ""}}, {"type": "Feature", "geometry": {"type": "Point", "coordinates": [13.3219215, 52.4665682]}, "properties": {"id": "r0799", "name": "FOERSTERS FEINE BIERE", "typ": "Kneipe", "status": "wunschliste", "q": "top", "p": "normal", "notiz": "", "tags": "", "besucht_am": ""}}, {"type": "Feature", "geometry": {"type": "Point", "coordinates": [13.301621, 52.499183]}, "properties": {"id": "r0800", "name": "Francucci Ristorante", "typ": "Restaurant", "status": "wunschliste", "q": "unbewertet", "p": "normal", "notiz": "", "tags": "", "besucht_am": ""}}, {"type": "Feature", "geometry": {"type": "Point", "coordinates": [13.3973028, 52.4887651]}, "properties": {"id": "r0801", "name": "Fratelli La Bionda", "typ": "Restaurant", "status": "wunschliste", "q": "unbewertet", "p": "normal", "notiz": "", "tags": "", "besucht_am": ""}}, {"type": "Feature", "geometry": {"type": "Point", "coordinates": [13.4211336, 52.496322]}, "properties": {"id": "r0802", "name": "Frau Luna", "typ": "Biergarten", "status": "wunschliste", "q": "top", "p": "normal", "notiz": "", "tags": "", "besucht_am": ""}}, {"type": "Feature", "geometry": {"type": "Point", "coordinates": [13.3745013, 52.5101083]}, "properties": {"id": "r0803", "name": "Frederick's", "typ": "Bar", "status": "wunschliste", "q": "unbewertet", "p": "ueberteuert", "notiz": "", "tags": "", "besucht_am": ""}}, {"type": "Feature", "geometry": {"type": "Point", "coordinates": [13.3903431, 52.5181589]}, "properties": {"id": "r0804", "name": "Freundschaft", "typ": "Weinbar", "status": "wunschliste", "q": "unbewertet", "p": "normal", "notiz": "", "tags": "", "besucht_am": ""}}, {"type": "Feature", "geometry": {"type": "Point", "coordinates": [13.3567716, 52.5420287]}, "properties": {"id": "r0805", "name": "Freya Fuchs", "typ": "Bar", "status": "wunschliste", "q": "unbewertet", "p": "normal", "notiz": "", "tags": "", "besucht_am": ""}}, {"type": "Feature", "geometry": {"type": "Point", "coordinates": [13.4524694, 52.5453425]}, "properties": {"id": "r0806", "name": "Fräulein Kimchi", "typ": "Asia", "status": "wunschliste", "q": "unbewertet", "p": "normal", "notiz": "", "tags": "", "besucht_am": ""}}, {"type": "Feature", "geometry": {"type": "Point", "coordinates": [13.3171235, 52.5058556]}, "properties": {"id": "r0807", "name": "Funky Fisch", "typ": "Fisch", "status": "wunschliste", "q": "unbewertet", "p": "normal", "notiz": "", "tags": "", "besucht_am": ""}}, {"type": "Feature", "geometry": {"type": "Point", "coordinates": [13.4714323, 52.5173099]}, "properties": {"id": "r0808", "name": "FUTURA Neapolitan Pizza", "typ": "Pizza", "status": "wunschliste", "q": "unbewertet", "p": "normal", "notiz": "", "tags": "", "besucht_am": ""}}, {"type": "Feature", "geometry": {"type": "Point", "coordinates": [13.322775, 52.506512]}, "properties": {"id": "r0809", "name": "Gainsbourg Bar amerikanisch", "typ": "Bar", "status": "wunschliste", "q": "unbewertet", "p": "normal", "notiz": "", "tags": "", "besucht_am": ""}}, {"type": "Feature", "geometry": {"type": "Point", "coordinates": [13.3015259, 52.5053419]}, "properties": {"id": "r0810", "name": "Galander -Charlottenburg-", "typ": "Bar", "status": "wunschliste", "q": "top", "p": "normal", "notiz": "", "tags": "", "besucht_am": ""}}, {"type": "Feature", "geometry": {"type": "Point", "coordinates": [13.38996, 52.48859]}, "properties": {"id": "r0811", "name": "Galander -Haifischbar-", "typ": "Bar", "status": "wunschliste", "q": "unbewertet", "p": "normal", "notiz": "", "tags": "", "besucht_am": ""}}, {"type": "Feature", "geometry": {"type": "Point", "coordinates": [13.3260174, 52.4913561]}, "properties": {"id": "r0812", "name": "GapShap Restaurant & Bar", "typ": "Asia", "status": "wunschliste", "q": "top", "p": "normal", "notiz": "", "tags": "", "besucht_am": ""}}, {"type": "Feature", "geometry": {"type": "Point", "coordinates": [13.57784, 52.4446]}, "properties": {"id": "r0813", "name": "Gastronomie KUMAMI ( keine Telefonnummer )", "typ": "Asia", "status": "wunschliste", "q": "top", "p": "teuer", "notiz": "", "tags": "", "besucht_am": ""}}, {"type": "Feature", "geometry": {"type": "Point", "coordinates": [13.352171, 52.539817]}, "properties": {"id": "r0814", "name": "Gaststätte Deichgraf", "typ": "Biergarten", "status": "wunschliste", "q": "unbewertet", "p": "normal", "notiz": "", "tags": "", "besucht_am": ""}}, {"type": "Feature", "geometry": {"type": "Point", "coordinates": [13.3460916, 52.4804266]}, "properties": {"id": "r0815", "name": "Gaststätte Willi Mangler", "typ": "Kneipe", "status": "wunschliste", "q": "top", "p": "normal", "notiz": "", "tags": "", "besucht_am": ""}}, {"type": "Feature", "geometry": {"type": "Point", "coordinates": [13.4258479, 52.4911608]}, "properties": {"id": "r0816", "name": "Gazzo", "typ": "Pizza", "status": "wunschliste", "q": "unbewertet", "p": "normal", "notiz": "", "tags": "", "besucht_am": ""}}, {"type": "Feature", "geometry": {"type": "Point", "coordinates": [13.3837565, 52.5556328]}, "properties": {"id": "r0817", "name": "Gedeih & Verderb", "typ": "Kneipe", "status": "wunschliste", "q": "top", "p": "normal", "notiz": "", "tags": "", "besucht_am": ""}}, {"type": "Feature", "geometry": {"type": "Point", "coordinates": [13.424825, 52.4901179]}, "properties": {"id": "r0818", "name": "Geist im Glas", "typ": "Frühstück", "status": "wunschliste", "q": "unbewertet", "p": "normal", "notiz": "", "tags": "", "besucht_am": ""}}, {"type": "Feature", "geometry": {"type": "Point", "coordinates": [13.4190872, 52.5435329]}, "properties": {"id": "r0819", "name": "GEMELLO", "typ": "Pizza", "status": "wunschliste", "q": "unbewertet", "p": "normal", "notiz": "", "tags": "", "besucht_am": ""}}, {"type": "Feature", "geometry": {"type": "Point", "coordinates": [13.34095, 52.53023]}, "properties": {"id": "r0820", "name": "George R", "typ": "Bar", "status": "wunschliste", "q": "top", "p": "normal", "notiz": "", "tags": "", "besucht_am": ""}}, {"type": "Feature", "geometry": {"type": "Point", "coordinates": [13.2941161, 52.512101]}, "properties": {"id": "r0821", "name": "Gimme Gelato", "typ": "Eis", "status": "wunschliste", "q": "unbewertet", "p": "normal", "notiz": "", "tags": "", "besucht_am": ""}}, {"type": "Feature", "geometry": {"type": "Point", "coordinates": [13.3876343, 52.491741]}, "properties": {"id": "r0822", "name": "GLASEREI Bar & Grill", "typ": "Restaurant", "status": "wunschliste", "q": "unbewertet", "p": "normal", "notiz": "", "tags": "", "besucht_am": ""}}, {"type": "Feature", "geometry": {"type": "Point", "coordinates": [13.4662499, 52.5054972]}, "properties": {"id": "r0823", "name": "Glory Duck", "typ": "Asia", "status": "wunschliste", "q": "top", "p": "normal", "notiz": "", "tags": "", "besucht_am": ""}}, {"type": "Feature", "geometry": {"type": "Point", "coordinates": [13.4332469, 52.4948707]}, "properties": {"id": "r0824", "name": "Gobento", "typ": "Sushi", "status": "wunschliste", "q": "top", "p": "normal", "notiz": "", "tags": "", "besucht_am": ""}}, {"type": "Feature", "geometry": {"type": "Point", "coordinates": [13.361755, 52.4851706]}, "properties": {"id": "r0825", "name": "Gokan", "typ": "Asia", "status": "wunschliste", "q": "unbewertet", "p": "normal", "notiz": "", "tags": "", "besucht_am": ""}}, {"type": "Feature", "geometry": {"type": "Point", "coordinates": [13.4135291, 52.4977972]}, "properties": {"id": "r0826", "name": "Goldadelux", "typ": "Imbiss", "status": "wunschliste", "q": "top", "p": "normal", "notiz": "", "tags": "", "besucht_am": ""}}, {"type": "Feature", "geometry": {"type": "Point", "coordinates": [13.3087691, 52.495795]}, "properties": {"id": "r0827", "name": "Golden Phoenix - Restaurant", "typ": "Asia", "status": "wunschliste", "q": "unbewertet", "p": "ueberteuert", "notiz": "", "tags": "", "besucht_am": ""}}, {"type": "Feature", "geometry": {"type": "Point", "coordinates": [13.4196821, 52.495294]}, "properties": {"id": "r0828", "name": "goldies Smashburger.", "typ": "Burger", "status": "wunschliste", "q": "unbewertet", "p": "normal", "notiz": "", "tags": "", "besucht_am": ""}}, {"type": "Feature", "geometry": {"type": "Point", "coordinates": [13.3785796, 52.4867004]}, "properties": {"id": "r0829", "name": "Golgatha Gaststätten", "typ": "Biergarten", "status": "wunschliste", "q": "unbewertet", "p": "normal", "notiz": "", "tags": "", "besucht_am": ""}}, {"type": "Feature", "geometry": {"type": "Point", "coordinates": [13.3674524, 52.5054693]}, "properties": {"id": "r0830", "name": "GOLVET", "typ": "Restaurant", "status": "wunschliste", "q": "unbewertet", "p": "ueberteuert", "notiz": "", "tags": "", "besucht_am": ""}}, {"type": "Feature", "geometry": {"type": "Point", "coordinates": [13.4265485, 52.4778302]}, "properties": {"id": "r0831", "name": "Gorilla Bäckerei", "typ": "Frühstück", "status": "wunschliste", "q": "top", "p": "normal", "notiz": "", "tags": "", "besucht_am": ""}}, {"type": "Feature", "geometry": {"type": "Point", "coordinates": [13.3538805, 52.4800408]}, "properties": {"id": "r0832", "name": "Gorilla Bäckerei", "typ": "Frühstück", "status": "wunschliste", "q": "top", "p": "normal", "notiz": "", "tags": "", "besucht_am": ""}}, {"type": "Feature", "geometry": {"type": "Point", "coordinates": [13.3289798, 52.5036817]}, "properties": {"id": "r0833", "name": "GRACE Restaurant & Bar", "typ": "Bar", "status": "wunschliste", "q": "unbewertet", "p": "ueberteuert", "notiz": "", "tags": "", "besucht_am": ""}}, {"type": "Feature", "geometry": {"type": "Point", "coordinates": [13.4894231, 52.4915742]}, "properties": {"id": "r0834", "name": "Hafenküche Berlin - Hafenjungs Berlin GmbH", "typ": "Restaurant", "status": "wunschliste", "q": "unbewertet", "p": "normal", "notiz": "", "tags": "", "besucht_am": ""}}, {"type": "Feature", "geometry": {"type": "Point", "coordinates": [13.3734274, 52.5573316]}, "properties": {"id": "r0835", "name": "Hakiki Döner", "typ": "Imbiss", "status": "wunschliste", "q": "gut", "p": "guenstig", "notiz": "", "tags": "", "besucht_am": ""}}, {"type": "Feature", "geometry": {"type": "Point", "coordinates": [13.4497396, 52.4738363]}, "properties": {"id": "r0836", "name": "Hallmann und Klee", "typ": "Restaurant", "status": "wunschliste", "q": "top", "p": "teuer", "notiz": "", "tags": "", "besucht_am": ""}}, {"type": "Feature", "geometry": {"type": "Point", "coordinates": [13.3573543, 52.5410899]}, "properties": {"id": "r0837", "name": "hansis brot", "typ": "Café", "status": "wunschliste", "q": "top", "p": "normal", "notiz": "", "tags": "", "besucht_am": ""}}, {"type": "Feature", "geometry": {"type": "Point", "coordinates": [13.44524, 52.49961]}, "properties": {"id": "r0838", "name": "HAPPA Restaurant", "typ": "Restaurant", "status": "wunschliste", "q": "top", "p": "normal", "notiz": "", "tags": "", "besucht_am": ""}}, {"type": "Feature", "geometry": {"type": "Point", "coordinates": [13.3349497, 52.5032989]}, "properties": {"id": "r0839", "name": "Heising", "typ": "Restaurant", "status": "wunschliste", "q": "top", "p": "normal", "notiz": "", "tags": "", "besucht_am": ""}}, {"type": "Feature", "geometry": {"type": "Point", "coordinates": [13.3156889, 52.5039312]}, "properties": {"id": "r0840", "name": "Heno Heno", "typ": "Asia", "status": "wunschliste", "q": "gut", "p": "guenstig", "notiz": "", "tags": "", "besucht_am": ""}}, {"type": "Feature", "geometry": {"type": "Point", "coordinates": [13.44499, 52.47371]}, "properties": {"id": "r0841", "name": "Herr Lindemann", "typ": "Bar", "status": "wunschliste", "q": "top", "p": "normal", "notiz": "", "tags": "", "besucht_am": ""}}, {"type": "Feature", "geometry": {"type": "Point", "coordinates": [13.3365998, 52.503134]}, "properties": {"id": "r0842", "name": "Hildegard Bar", "typ": "Bar", "status": "wunschliste", "q": "top", "p": "normal", "notiz": "", "tags": "", "besucht_am": ""}}, {"type": "Feature", "geometry": {"type": "Point", "coordinates": [13.3736635, 52.5075113]}, "properties": {"id": "r0843", "name": "HIMITSU Speakeasy Bar", "typ": "Bar", "status": "wunschliste", "q": "top", "p": "normal", "notiz": "", "tags": "", "besucht_am": ""}}, {"type": "Feature", "geometry": {"type": "Point", "coordinates": [13.1462923, 52.4164001]}, "properties": {"id": "r0844", "name": "Hofcafé und Feine Kost bei Mutter Fourage", "typ": "Café", "status": "wunschliste", "q": "unbewertet", "p": "normal", "notiz": "", "tags": "", "besucht_am": ""}}, {"type": "Feature", "geometry": {"type": "Point", "coordinates": [13.4037826, 52.5469686]}, "properties": {"id": "r0845", "name": "Holy Everest", "typ": "Restaurant", "status": "wunschliste", "q": "top", "p": "normal", "notiz": "", "tags": "", "besucht_am": ""}}, {"type": "Feature", "geometry": {"type": "Point", "coordinates": [13.3220978, 52.4970289]}, "properties": {"id": "r0846", "name": "Honca", "typ": "Restaurant", "status": "wunschliste", "q": "unbewertet", "p": "normal", "notiz": "", "tags": "", "besucht_am": ""}}, {"type": "Feature", "geometry": {"type": "Point", "coordinates": [13.410595, 52.5380239]}, "properties": {"id": "r0847", "name": "Hotel Oderberger Berlin", "typ": "Restaurant", "status": "wunschliste", "q": "unbewertet", "p": "normal", "notiz": "", "tags": "", "besucht_am": ""}}, {"type": "Feature", "geometry": {"type": "Point", "coordinates": [13.3386371, 52.504928]}, "properties": {"id": "r0848", "name": "House of Gin - STAY GOLD!", "typ": "Bar", "status": "wunschliste", "q": "top", "p": "normal", "notiz": "", "tags": "", "besucht_am": ""}}, {"type": "Feature", "geometry": {"type": "Point", "coordinates": [13.34553, 52.50709]}, "properties": {"id": "r0849", "name": "Hugos", "typ": "Restaurant", "status": "wunschliste", "q": "top", "p": "teuer", "notiz": "", "tags": "", "besucht_am": ""}}, {"type": "Feature", "geometry": {"type": "Point", "coordinates": [13.3518088, 52.4921955]}, "properties": {"id": "r0850", "name": "Hummus Studio", "typ": "Restaurant", "status": "wunschliste", "q": "top", "p": "normal", "notiz": "", "tags": "", "besucht_am": ""}}, {"type": "Feature", "geometry": {"type": "Point", "coordinates": [13.2192199, 52.43258]}, "properties": {"id": "r0851", "name": "il Brunello - Italienisches Restaurant Zehlendorf, Steglitz-Zehlendorf", "typ": "Restaurant", "status": "wunschliste", "q": "top", "p": "normal", "notiz": "", "tags": "", "besucht_am": ""}}, {"type": "Feature", "geometry": {"type": "Point", "coordinates": [13.4596711, 52.5088704]}, "properties": {"id": "r0852", "name": "Il moro", "typ": "Restaurant", "status": "wunschliste", "q": "top", "p": "normal", "notiz": "", "tags": "", "besucht_am": ""}}, {"type": "Feature", "geometry": {"type": "Point", "coordinates": [13.2222028, 52.508962]}, "properties": {"id": "r0853", "name": "Il Porto", "typ": "Restaurant", "status": "wunschliste", "q": "unbewertet", "p": "normal", "notiz": "", "tags": "", "besucht_am": ""}}, {"type": "Feature", "geometry": {"type": "Point", "coordinates": [13.385629, 52.518894]}, "properties": {"id": "r0854", "name": "Il Punto", "typ": "Restaurant", "status": "wunschliste", "q": "unbewertet", "p": "normal", "notiz": "", "tags": "", "besucht_am": ""}}, {"type": "Feature", "geometry": {"type": "Point", "coordinates": [13.3479004, 52.5039118]}, "properties": {"id": "r0855", "name": "Il Sorriso", "typ": "Restaurant", "status": "wunschliste", "q": "unbewertet", "p": "normal", "notiz": "", "tags": "", "besucht_am": ""}}, {"type": "Feature", "geometry": {"type": "Point", "coordinates": [13.4339119, 52.4821089]}, "properties": {"id": "r0856", "name": "Imren Grill", "typ": "Imbiss", "status": "wunschliste", "q": "unbewertet", "p": "normal", "notiz": "", "tags": "", "besucht_am": ""}}, {"type": "Feature", "geometry": {"type": "Point", "coordinates": [13.42479, 52.48032]}, "properties": {"id": "r0857", "name": "Isla Berlin", "typ": "Frühstück", "status": "wunschliste", "q": "top", "p": "normal", "notiz": "", "tags": "", "besucht_am": ""}}, {"type": "Feature", "geometry": {"type": "Point", "coordinates": [13.43325, 52.4842]}, "properties": {"id": "r0858", "name": "jaja", "typ": "Weinbar", "status": "wunschliste", "q": "unbewertet", "p": "normal", "notiz": "", "tags": "", "besucht_am": ""}}, {"type": "Feature", "geometry": {"type": "Point", "coordinates": [13.4942991, 52.6668498]}, "properties": {"id": "r0859", "name": "James Biergarten", "typ": "Biergarten", "status": "wunschliste", "q": "top", "p": "normal", "notiz": "", "tags": "", "besucht_am": ""}}, {"type": "Feature", "geometry": {"type": "Point", "coordinates": [13.3604343, 52.4830223]}, "properties": {"id": "r0860", "name": "Jansen Bar - Cocktail Bar", "typ": "Bar", "status": "wunschliste", "q": "top", "p": "normal", "notiz": "", "tags": "", "besucht_am": ""}}, {"type": "Feature", "geometry": {"type": "Point", "coordinates": [13.3554572, 52.4925069]}, "properties": {"id": "r0861", "name": "JOHANN Bäckerei", "typ": "Frühstück", "status": "wunschliste", "q": "top", "p": "normal", "notiz": "", "tags": "", "besucht_am": ""}}, {"type": "Feature", "geometry": {"type": "Point", "coordinates": [13.3655695, 52.5026155]}, "properties": {"id": "r0862", "name": "Joseph-Roth-Diele Gaststätte", "typ": "Restaurant", "status": "wunschliste", "q": "unbewertet", "p": "normal", "notiz": "", "tags": "", "besucht_am": ""}}, {"type": "Feature", "geometry": {"type": "Point", "coordinates": [13.30617, 52.50339]}, "properties": {"id": "r0863", "name": "Joynes Kitchen", "typ": "Restaurant", "status": "wunschliste", "q": "top", "p": "normal", "notiz": "", "tags": "", "besucht_am": ""}}, {"type": "Feature", "geometry": {"type": "Point", "coordinates": [13.4423124, 52.4803714]}, "properties": {"id": "r0864", "name": "Justa Bakery", "typ": "Frühstück", "status": "wunschliste", "q": "top", "p": "normal", "notiz": "", "tags": "", "besucht_am": ""}}, {"type": "Feature", "geometry": {"type": "Point", "coordinates": [13.4479923, 52.5134521]}, "properties": {"id": "r0865", "name": "Jäger & Lustig", "typ": "Restaurant", "status": "wunschliste", "q": "top", "p": "normal", "notiz": "", "tags": "", "besucht_am": ""}}, {"type": "Feature", "geometry": {"type": "Point", "coordinates": [13.3243911, 52.5038302]}, "properties": {"id": "r0866", "name": "Kaffeehaus Mila", "typ": "Café", "status": "wunschliste", "q": "unbewertet", "p": "normal", "notiz": "", "tags": "", "besucht_am": ""}}, {"type": "Feature", "geometry": {"type": "Point", "coordinates": [13.3138419, 52.5038256]}, "properties": {"id": "r0867", "name": "kame Japanese bakery", "typ": "Asia", "status": "wunschliste", "q": "unbewertet", "p": "normal", "notiz": "", "tags": "", "besucht_am": ""}}, {"type": "Feature", "geometry": {"type": "Point", "coordinates": [13.4124405, 52.4967939]}, "properties": {"id": "r0868", "name": "Kanal61", "typ": "Restaurant", "status": "wunschliste", "q": "top", "p": "normal", "notiz": "", "tags": "", "besucht_am": ""}}, {"type": "Feature", "geometry": {"type": "Point", "coordinates": [13.337778, 52.5056686]}, "properties": {"id": "r0869", "name": "Kantini Berlin", "typ": "Imbiss", "status": "wunschliste", "q": "unbewertet", "p": "normal", "notiz": "", "tags": "", "besucht_am": ""}}, {"type": "Feature", "geometry": {"type": "Point", "coordinates": [13.4679455, 52.4958968]}, "properties": {"id": "r0870", "name": "KAP FRIDA", "typ": "Café", "status": "wunschliste", "q": "top", "p": "normal", "notiz": "", "tags": "", "besucht_am": ""}}, {"type": "Feature", "geometry": {"type": "Point", "coordinates": [13.3079898, 52.5080376]}, "properties": {"id": "r0871", "name": "Karun Bistro", "typ": "Imbiss", "status": "wunschliste", "q": "gut", "p": "guenstig", "notiz": "", "tags": "", "besucht_am": ""}}, {"type": "Feature", "geometry": {"type": "Point", "coordinates": [13.319905, 52.5086802]}, "properties": {"id": "r0872", "name": "Katchi Ice Cream Art", "typ": "Eis", "status": "wunschliste", "q": "top", "p": "normal", "notiz": "", "tags": "", "besucht_am": ""}}, {"type": "Feature", "geometry": {"type": "Point", "coordinates": [13.4282694, 52.4929667]}, "properties": {"id": "r0873", "name": "Katie's Blue Cat", "typ": "Café", "status": "wunschliste", "q": "unbewertet", "p": "normal", "notiz": "", "tags": "", "besucht_am": ""}}, {"type": "Feature", "geometry": {"type": "Point", "coordinates": [13.428627, 52.4899581]}, "properties": {"id": "r0874", "name": "Kauz & Kiebitz", "typ": "Kneipe", "status": "wunschliste", "q": "top", "p": "normal", "notiz": "", "tags": "", "besucht_am": ""}}, {"type": "Feature", "geometry": {"type": "Point", "coordinates": [13.4283399, 52.473503]}, "properties": {"id": "r0875", "name": "KEDEM", "typ": "Restaurant", "status": "wunschliste", "q": "top", "p": "normal", "notiz": "", "tags": "", "besucht_am": ""}}, {"type": "Feature", "geometry": {"type": "Point", "coordinates": [13.4599253, 52.5113902]}, "properties": {"id": "r0876", "name": "KEIT", "typ": "Café", "status": "wunschliste", "q": "top", "p": "normal", "notiz": "", "tags": "", "besucht_am": ""}}, {"type": "Feature", "geometry": {"type": "Point", "coordinates": [13.3539902, 52.4936276]}, "properties": {"id": "r0877", "name": "KEIT", "typ": "Café", "status": "wunschliste", "q": "top", "p": "normal", "notiz": "", "tags": "", "besucht_am": ""}}, {"type": "Feature", "geometry": {"type": "Point", "coordinates": [13.4213323, 52.4782269]}, "properties": {"id": "r0878", "name": "Keith Bar", "typ": "Bar", "status": "wunschliste", "q": "top", "p": "normal", "notiz": "", "tags": "", "besucht_am": ""}}, {"type": "Feature", "geometry": {"type": "Point", "coordinates": [13.373121, 52.5095305]}, "properties": {"id": "r0879", "name": "Ki-Nova", "typ": "Restaurant", "status": "wunschliste", "q": "unbewertet", "p": "normal", "notiz": "", "tags": "", "besucht_am": ""}}, {"type": "Feature", "geometry": {"type": "Point", "coordinates": [13.30134, 52.5145817]}, "properties": {"id": "r0880", "name": "Kien-Du-Kiang-Thong", "typ": "Asia", "status": "wunschliste", "q": "top", "p": "normal", "notiz": "", "tags": "", "besucht_am": ""}}, {"type": "Feature", "geometry": {"type": "Point", "coordinates": [13.3956362, 52.5249177]}, "properties": {"id": "r0881", "name": "Kin Za - Georgisches Restaurant Bistro & Street Kitchen Georgian Restaurant", "typ": "Restaurant", "status": "wunschliste", "q": "unbewertet", "p": "normal", "notiz": "", "tags": "", "besucht_am": ""}}, {"type": "Feature", "geometry": {"type": "Point", "coordinates": [13.4283684, 52.4930051]}, "properties": {"id": "r0882", "name": "Kitten Deli", "typ": "Restaurant", "status": "wunschliste", "q": "top", "p": "normal", "notiz": "", "tags": "", "besucht_am": ""}}, {"type": "Feature", "geometry": {"type": "Point", "coordinates": [13.439368, 52.4866784]}, "properties": {"id": "r0883", "name": "Knödelwirtschaft", "typ": "Restaurant", "status": "wunschliste", "q": "top", "p": "normal", "notiz": "", "tags": "", "besucht_am": ""}}, {"type": "Feature", "geometry": {"type": "Point", "coordinates": [13.4168079, 52.499358]}, "properties": {"id": "r0884", "name": "Konak Grill", "typ": "Imbiss", "status": "wunschliste", "q": "top", "p": "normal", "notiz": "", "tags": "", "besucht_am": ""}}, {"type": "Feature", "geometry": {"type": "Point", "coordinates": [13.3305, 52.45181]}, "properties": {"id": "r0885", "name": "Konditorei Rabien", "typ": "Café", "status": "wunschliste", "q": "top", "p": "normal", "notiz": "", "tags": "", "besucht_am": ""}}, {"type": "Feature", "geometry": {"type": "Point", "coordinates": [13.4591475, 52.5144686]}, "properties": {"id": "r0886", "name": "KONG", "typ": "Asia", "status": "wunschliste", "q": "unbewertet", "p": "normal", "notiz": "", "tags": "", "besucht_am": ""}}, {"type": "Feature", "geometry": {"type": "Point", "coordinates": [13.3864031, 52.4928703]}, "properties": {"id": "r0887", "name": "Kreuzberger Himmel", "typ": "Restaurant", "status": "wunschliste", "q": "unbewertet", "p": "normal", "notiz": "", "tags": "", "besucht_am": ""}}, {"type": "Feature", "geometry": {"type": "Point", "coordinates": [13.4240699, 52.5321387]}, "properties": {"id": "r0888", "name": "KROM", "typ": "Bar", "status": "wunschliste", "q": "top", "p": "normal", "notiz": "", "tags": "", "besucht_am": ""}}, {"type": "Feature", "geometry": {"type": "Point", "coordinates": [13.3099406, 52.5063097]}, "properties": {"id": "r0889", "name": "KTV Karaoke Bar", "typ": "Karaoke", "status": "wunschliste", "q": "unbewertet", "p": "normal", "notiz": "", "tags": "", "besucht_am": ""}}, {"type": "Feature", "geometry": {"type": "Point", "coordinates": [13.3182456, 52.5061941]}, "properties": {"id": "r0890", "name": "Kuchi Kant", "typ": "Sushi", "status": "wunschliste", "q": "unbewertet", "p": "normal", "notiz": "", "tags": "", "besucht_am": ""}}, {"type": "Feature", "geometry": {"type": "Point", "coordinates": [13.4317393, 52.5022699]}, "properties": {"id": "r0891", "name": "Kumpel & Keule GmbH", "typ": "Restaurant", "status": "wunschliste", "q": "top", "p": "normal", "notiz": "", "tags": "", "besucht_am": ""}}, {"type": "Feature", "geometry": {"type": "Point", "coordinates": [13.366432, 52.503049]}, "properties": {"id": "r0892", "name": "Kumpelnest 3000", "typ": "Kneipe", "status": "wunschliste", "q": "unbewertet", "p": "normal", "notiz": "", "tags": "", "besucht_am": ""}}, {"type": "Feature", "geometry": {"type": "Point", "coordinates": [13.3582565, 52.5519793]}, "properties": {"id": "r0893", "name": "Kunst- und Kulturverein Mastul e.V", "typ": "Kneipe", "status": "wunschliste", "q": "top", "p": "normal", "notiz": "", "tags": "", "besucht_am": ""}}, {"type": "Feature", "geometry": {"type": "Point", "coordinates": [13.3081046, 52.5009647]}, "properties": {"id": "r0894", "name": "Kurpfalz-Weinstuben", "typ": "Weinbar", "status": "wunschliste", "q": "top", "p": "normal", "notiz": "", "tags": "", "besucht_am": ""}}, {"type": "Feature", "geometry": {"type": "Point", "coordinates": [13.3839753, 52.4984776]}, "properties": {"id": "r0895", "name": "Küche Bar", "typ": "Bar", "status": "wunschliste", "q": "top", "p": "normal", "notiz": "", "tags": "", "besucht_am": ""}}, {"type": "Feature", "geometry": {"type": "Point", "coordinates": [13.4028989, 52.5343381]}, "properties": {"id": "r0896", "name": "La Bigoudène", "typ": "Café", "status": "wunschliste", "q": "unbewertet", "p": "normal", "notiz": "", "tags": "", "besucht_am": ""}}, {"type": "Feature", "geometry": {"type": "Point", "coordinates": [13.43561, 52.48258]}, "properties": {"id": "r0897", "name": "La Bolognina", "typ": "Restaurant", "status": "wunschliste", "q": "top", "p": "normal", "notiz": "", "tags": "", "besucht_am": ""}}, {"type": "Feature", "geometry": {"type": "Point", "coordinates": [13.3820307, 52.5311313]}, "properties": {"id": "r0898", "name": "La Buvette Steakhouse", "typ": "Restaurant", "status": "wunschliste", "q": "unbewertet", "p": "ueberteuert", "notiz": "", "tags": "", "besucht_am": ""}}, {"type": "Feature", "geometry": {"type": "Point", "coordinates": [13.3621136, 52.4891205]}, "properties": {"id": "r0899", "name": "La Cantine d'Augusta Käse Restaurant & Wein Bar", "typ": "Weinbar", "status": "wunschliste", "q": "top", "p": "normal", "notiz": "", "tags": "", "besucht_am": ""}}, {"type": "Feature", "geometry": {"type": "Point", "coordinates": [13.4260807, 52.4758814]}, "properties": {"id": "r0900", "name": "La Côte", "typ": "Restaurant", "status": "wunschliste", "q": "unbewertet", "p": "ueberteuert", "notiz": "", "tags": "", "besucht_am": ""}}, {"type": "Feature", "geometry": {"type": "Point", "coordinates": [13.4308599, 52.49343]}, "properties": {"id": "r0901", "name": "La Maison", "typ": "Frühstück", "status": "wunschliste", "q": "top", "p": "normal", "notiz": "", "tags": "", "besucht_am": ""}}, {"type": "Feature", "geometry": {"type": "Point", "coordinates": [13.4343971, 52.4901202]}, "properties": {"id": "r0902", "name": "La maison bleue", "typ": "Restaurant", "status": "wunschliste", "q": "unbewertet", "p": "normal", "notiz": "", "tags": "", "besucht_am": ""}}, {"type": "Feature", "geometry": {"type": "Point", "coordinates": [13.4302616, 52.4952797]}, "properties": {"id": "r0903", "name": "Lalibela Restaurant - Taste of Ethiopia, Kreuzberg", "typ": "Restaurant", "status": "wunschliste", "q": "unbewertet", "p": "normal", "notiz": "", "tags": "", "besucht_am": ""}}, {"type": "Feature", "geometry": {"type": "Point", "coordinates": [13.3005663, 52.5051609]}, "properties": {"id": "r0904", "name": "Lamazère Brasserie", "typ": "Restaurant", "status": "wunschliste", "q": "top", "p": "normal", "notiz": "", "tags": "", "besucht_am": ""}}, {"type": "Feature", "geometry": {"type": "Point", "coordinates": [13.426392, 52.481447]}, "properties": {"id": "r0905", "name": "Lavanderia Vecchia", "typ": "Restaurant", "status": "wunschliste", "q": "unbewertet", "p": "normal", "notiz": "", "tags": "", "besucht_am": ""}}, {"type": "Feature", "geometry": {"type": "Point", "coordinates": [13.3823466, 52.5016213]}, "properties": {"id": "r0906", "name": "Layla Restaurant by Meir Adoni", "typ": "Restaurant", "status": "wunschliste", "q": "unbewertet", "p": "normal", "notiz": "", "tags": "", "besucht_am": ""}}, {"type": "Feature", "geometry": {"type": "Point", "coordinates": [13.4264904, 52.4910873]}, "properties": {"id": "r0907", "name": "Le Balto", "typ": "Weinbar", "status": "wunschliste", "q": "unbewertet", "p": "normal", "notiz": "", "tags": "", "besucht_am": ""}}, {"type": "Feature", "geometry": {"type": "Point", "coordinates": [13.42062, 52.4910529]}, "properties": {"id": "r0908", "name": "Le Bon", "typ": "Frühstück", "status": "wunschliste", "q": "top", "p": "normal", "notiz": "", "tags": "", "besucht_am": ""}}, {"type": "Feature", "geometry": {"type": "Point", "coordinates": [13.3999726, 52.5226225]}, "properties": {"id": "r0909", "name": "Le Jardin - Bar", "typ": "Bar", "status": "wunschliste", "q": "top", "p": "normal", "notiz": "", "tags": "", "besucht_am": ""}}, {"type": "Feature", "geometry": {"type": "Point", "coordinates": [13.3206, 52.50867]}, "properties": {"id": "r0910", "name": "Le Petit Royal", "typ": "Restaurant", "status": "wunschliste", "q": "unbewertet", "p": "ueberteuert", "notiz": "", "tags": "", "besucht_am": ""}}, {"type": "Feature", "geometry": {"type": "Point", "coordinates": [13.41621, 52.5359315]}, "properties": {"id": "r0911", "name": "Lesendro", "typ": "Fisch", "status": "wunschliste", "q": "unbewertet", "p": "normal", "notiz": "", "tags": "", "besucht_am": ""}}, {"type": "Feature", "geometry": {"type": "Point", "coordinates": [13.4015618, 52.5304619]}, "properties": {"id": "r0912", "name": "Levante Bistro", "typ": "Restaurant", "status": "wunschliste", "q": "top", "p": "normal", "notiz": "", "tags": "", "besucht_am": ""}}, {"type": "Feature", "geometry": {"type": "Point", "coordinates": [13.4312274, 52.4691313]}, "properties": {"id": "r0913", "name": "Liesl", "typ": "Restaurant", "status": "wunschliste", "q": "top", "p": "normal", "notiz": "", "tags": "", "besucht_am": ""}}, {"type": "Feature", "geometry": {"type": "Point", "coordinates": [13.4332984, 52.4916782]}, "properties": {"id": "r0914", "name": "Life Berlin", "typ": "Restaurant", "status": "wunschliste", "q": "top", "p": "normal", "notiz": "", "tags": "", "besucht_am": ""}}, {"type": "Feature", "geometry": {"type": "Point", "coordinates": [13.3905658, 52.4918208]}, "properties": {"id": "r0915", "name": "LIMONADIER Cocktailbar", "typ": "Bar", "status": "wunschliste", "q": "top", "p": "normal", "notiz": "", "tags": "", "besucht_am": ""}}, {"type": "Feature", "geometry": {"type": "Point", "coordinates": [13.3615831, 52.5493706]}, "properties": {"id": "r0916", "name": "Lino's Barbecue", "typ": "Steak/Grill", "status": "wunschliste", "q": "top", "p": "normal", "notiz": "", "tags": "", "besucht_am": ""}}, {"type": "Feature", "geometry": {"type": "Point", "coordinates": [13.3875929, 52.5112094]}, "properties": {"id": "r0917", "name": "Liu 成都味道面馆 Nudelhaus", "typ": "Asia", "status": "wunschliste", "q": "gut", "p": "guenstig", "notiz": "", "tags": "", "besucht_am": ""}}, {"type": "Feature", "geometry": {"type": "Point", "coordinates": [13.3114687, 52.4469707]}, "properties": {"id": "r0918", "name": "Loch Ness Scottish Pub and Whisky Bar", "typ": "Kneipe", "status": "wunschliste", "q": "unbewertet", "p": "normal", "notiz": "", "tags": "", "besucht_am": ""}}, {"type": "Feature", "geometry": {"type": "Point", "coordinates": [13.456966, 52.5284184]}, "properties": {"id": "r0919", "name": "Loft14", "typ": "Bar", "status": "wunschliste", "q": "unbewertet", "p": "normal", "notiz": "", "tags": "", "besucht_am": ""}}, {"type": "Feature", "geometry": {"type": "Point", "coordinates": [13.379888, 52.516064]}, "properties": {"id": "r0920", "name": "Lorenz Adlon Esszimmer", "typ": "Restaurant", "status": "wunschliste", "q": "top", "p": "teuer", "notiz": "", "tags": "", "besucht_am": ""}}, {"type": "Feature", "geometry": {"type": "Point", "coordinates": [13.1760528, 52.4198861]}, "properties": {"id": "r0921", "name": "Loretta am Wannsee", "typ": "Biergarten", "status": "wunschliste", "q": "unbewertet", "p": "normal", "notiz": "", "tags": "", "besucht_am": ""}}, {"type": "Feature", "geometry": {"type": "Point", "coordinates": [13.2973373, 52.5078859]}, "properties": {"id": "r0922", "name": "LOTTA Tagesbar", "typ": "Restaurant", "status": "wunschliste", "q": "top", "p": "normal", "notiz": "", "tags": "", "besucht_am": ""}}, {"type": "Feature", "geometry": {"type": "Point", "coordinates": [13.329601, 52.5050803]}, "properties": {"id": "r0923", "name": "Lotte am Zoo", "typ": "Bar", "status": "wunschliste", "q": "unbewertet", "p": "normal", "notiz": "", "tags": "", "besucht_am": ""}}, {"type": "Feature", "geometry": {"type": "Point", "coordinates": [13.3099587, 52.5022268]}, "properties": {"id": "r0924", "name": "Louis Laurent", "typ": "Restaurant", "status": "wunschliste", "q": "gut", "p": "ueberteuert", "notiz": "[Migration: war rot = gut, aber zu teuer]", "tags": "", "besucht_am": ""}}, {"type": "Feature", "geometry": {"type": "Point", "coordinates": [13.4135175, 52.5007247]}, "properties": {"id": "r0925", "name": "LOUMI", "typ": "Restaurant", "status": "wunschliste", "q": "unbewertet", "p": "ueberteuert", "notiz": "", "tags": "", "besucht_am": ""}}, {"type": "Feature", "geometry": {"type": "Point", "coordinates": [13.4352242, 52.4909597]}, "properties": {"id": "r0926", "name": "Love Deluxe", "typ": "Restaurant", "status": "wunschliste", "q": "top", "p": "normal", "notiz": "", "tags": "", "besucht_am": ""}}, {"type": "Feature", "geometry": {"type": "Point", "coordinates": [13.2975311, 52.5070502]}, "properties": {"id": "r0927", "name": "Lovis Bar", "typ": "Bar", "status": "wunschliste", "q": "top", "p": "normal", "notiz": "", "tags": "", "besucht_am": ""}}, {"type": "Feature", "geometry": {"type": "Point", "coordinates": [13.2976079, 52.5069656]}, "properties": {"id": "r0928", "name": "Lovis Restaurant & Bar", "typ": "Restaurant", "status": "wunschliste", "q": "unbewertet", "p": "normal", "notiz": "", "tags": "", "besucht_am": ""}}, {"type": "Feature", "geometry": {"type": "Point", "coordinates": [13.3871799, 52.5254826]}, "properties": {"id": "r0929", "name": "Lucky Star Restaurant", "typ": "Asia", "status": "wunschliste", "q": "unbewertet", "p": "normal", "notiz": "", "tags": "", "besucht_am": ""}}, {"type": "Feature", "geometry": {"type": "Point", "coordinates": [13.3349256, 52.4722144]}, "properties": {"id": "r0930", "name": "LuLa am Markt", "typ": "Café", "status": "wunschliste", "q": "unbewertet", "p": "normal", "notiz": "", "tags": "", "besucht_am": ""}}, {"type": "Feature", "geometry": {"type": "Point", "coordinates": [13.3474503, 52.4802428]}, "properties": {"id": "r0931", "name": "L’antica pizzeria da Michele", "typ": "Pizza", "status": "wunschliste", "q": "unbewertet", "p": "normal", "notiz": "", "tags": "", "besucht_am": ""}}, {"type": "Feature", "geometry": {"type": "Point", "coordinates": [13.3181308, 52.5063043]}, "properties": {"id": "r0932", "name": "Madame Ngo Une Brasserie Hanoi", "typ": "Asia", "status": "wunschliste", "q": "unbewertet", "p": "ueberteuert", "notiz": "", "tags": "", "besucht_am": ""}}, {"type": "Feature", "geometry": {"type": "Point", "coordinates": [13.4439941, 52.4795481]}, "properties": {"id": "r0933", "name": "Mae Charoen Thai Imbiss", "typ": "Asia", "status": "wunschliste", "q": "unbewertet", "p": "normal", "notiz": "", "tags": "", "besucht_am": ""}}, {"type": "Feature", "geometry": {"type": "Point", "coordinates": [13.4239766, 52.4998565]}, "properties": {"id": "r0934", "name": "Maiyarap Berlin", "typ": "Asia", "status": "wunschliste", "q": "top", "p": "normal", "notiz": "", "tags": "", "besucht_am": ""}}, {"type": "Feature", "geometry": {"type": "Point", "coordinates": [13.3861995, 52.4902299]}, "properties": {"id": "r0935", "name": "Mama Rosas Taqueria", "typ": "Restaurant", "status": "wunschliste", "q": "top", "p": "normal", "notiz": "", "tags": "", "besucht_am": ""}}, {"type": "Feature", "geometry": {"type": "Point", "coordinates": [13.4572667, 52.510825]}, "properties": {"id": "r0936", "name": "MAMMAM Garküche Street Food aus Vietnam und Thailand", "typ": "Asia", "status": "wunschliste", "q": "unbewertet", "p": "normal", "notiz": "", "tags": "", "besucht_am": ""}}, {"type": "Feature", "geometry": {"type": "Point", "coordinates": [13.4116137, 52.512618]}, "properties": {"id": "r0937", "name": "MAMMAM Street Food Mitte", "typ": "Asia", "status": "wunschliste", "q": "unbewertet", "p": "normal", "notiz": "", "tags": "", "besucht_am": ""}}, {"type": "Feature", "geometry": {"type": "Point", "coordinates": [13.4315194, 52.5021638]}, "properties": {"id": "r0938", "name": "Mani in Pasta", "typ": "Restaurant", "status": "wunschliste", "q": "top", "p": "normal", "notiz": "", "tags": "", "besucht_am": ""}}, {"type": "Feature", "geometry": {"type": "Point", "coordinates": [13.4325796, 52.4998208]}, "properties": {"id": "r0939", "name": "Mariona", "typ": "Restaurant", "status": "wunschliste", "q": "top", "p": "normal", "notiz": "", "tags": "", "besucht_am": ""}}, {"type": "Feature", "geometry": {"type": "Point", "coordinates": [13.4311015, 52.5022871]}, "properties": {"id": "r0940", "name": "Marktlokal", "typ": "Restaurant", "status": "wunschliste", "q": "top", "p": "normal", "notiz": "", "tags": "", "besucht_am": ""}}, {"type": "Feature", "geometry": {"type": "Point", "coordinates": [13.3452709, 52.5067483]}, "properties": {"id": "r0941", "name": "Marlene Bar", "typ": "Bar", "status": "wunschliste", "q": "unbewertet", "p": "normal", "notiz": "", "tags": "", "besucht_am": ""}}, {"type": "Feature", "geometry": {"type": "Point", "coordinates": [13.4188372, 52.5009274]}, "properties": {"id": "r0942", "name": "Maroush", "typ": "Imbiss", "status": "wunschliste", "q": "unbewertet", "p": "normal", "notiz": "", "tags": "", "besucht_am": ""}}, {"type": "Feature", "geometry": {"type": "Point", "coordinates": [13.3663621, 52.54605]}, "properties": {"id": "r0943", "name": "MARS | Küche & Bar", "typ": "Frühstück", "status": "wunschliste", "q": "top", "p": "normal", "notiz": "", "tags": "", "besucht_am": ""}}, {"type": "Feature", "geometry": {"type": "Point", "coordinates": [13.4349281, 52.4906428]}, "properties": {"id": "r0944", "name": "Martins Place - Kuchenmanufaktur & Café", "typ": "Café", "status": "wunschliste", "q": "unbewertet", "p": "normal", "notiz": "", "tags": "", "besucht_am": ""}}, {"type": "Feature", "geometry": {"type": "Point", "coordinates": [13.29211, 52.503921]}, "properties": {"id": "r0945", "name": "Masala Restaurant", "typ": "Asia", "status": "wunschliste", "q": "unbewertet", "p": "normal", "notiz": "", "tags": "", "besucht_am": ""}}, {"type": "Feature", "geometry": {"type": "Point", "coordinates": [13.4020653, 52.490378]}, "properties": {"id": "r0946", "name": "MASTAN", "typ": "Restaurant", "status": "wunschliste", "q": "unbewertet", "p": "ueberteuert", "notiz": "", "tags": "", "besucht_am": ""}}, {"type": "Feature", "geometry": {"type": "Point", "coordinates": [13.4119067, 52.5374098]}, "properties": {"id": "r0947", "name": "Material", "typ": "Weinbar", "status": "wunschliste", "q": "top", "p": "normal", "notiz": "", "tags": "", "besucht_am": ""}}, {"type": "Feature", "geometry": {"type": "Point", "coordinates": [13.4199555, 52.5383341]}, "properties": {"id": "r0948", "name": "Matthias Restaurant", "typ": "Restaurant", "status": "wunschliste", "q": "top", "p": "teuer", "notiz": "", "tags": "", "besucht_am": ""}}, {"type": "Feature", "geometry": {"type": "Point", "coordinates": [13.4534006, 52.5121383]}, "properties": {"id": "r0949", "name": "Melt Café Crêperie", "typ": "Café", "status": "wunschliste", "q": "top", "p": "normal", "notiz": "", "tags": "", "besucht_am": ""}}, {"type": "Feature", "geometry": {"type": "Point", "coordinates": [13.42937, 52.5327059]}, "properties": {"id": "r0950", "name": "Meraba", "typ": "Imbiss", "status": "wunschliste", "q": "unbewertet", "p": "normal", "notiz": "", "tags": "", "besucht_am": ""}}, {"type": "Feature", "geometry": {"type": "Point", "coordinates": [13.4339599, 52.48961]}, "properties": {"id": "r0951", "name": "merold", "typ": "Restaurant", "status": "wunschliste", "q": "top", "p": "teuer", "notiz": "", "tags": "", "besucht_am": ""}}, {"type": "Feature", "geometry": {"type": "Point", "coordinates": [13.4129984, 52.5277516]}, "properties": {"id": "r0952", "name": "MIBAP", "typ": "Asia", "status": "wunschliste", "q": "top", "p": "normal", "notiz": "", "tags": "", "besucht_am": ""}}, {"type": "Feature", "geometry": {"type": "Point", "coordinates": [13.4246273, 52.4885002]}, "properties": {"id": "r0953", "name": "Midye 47", "typ": "Restaurant", "status": "wunschliste", "q": "unbewertet", "p": "normal", "notiz": "", "tags": "", "besucht_am": ""}}, {"type": "Feature", "geometry": {"type": "Point", "coordinates": [13.4239676, 52.4890844]}, "properties": {"id": "r0954", "name": "Mihmandar Restaurant", "typ": "Restaurant", "status": "wunschliste", "q": "unbewertet", "p": "normal", "notiz": "", "tags": "", "besucht_am": ""}}, {"type": "Feature", "geometry": {"type": "Point", "coordinates": [13.4990269, 52.4789776]}, "properties": {"id": "r0955", "name": "Milchbar im Funkhaus", "typ": "Restaurant", "status": "wunschliste", "q": "unbewertet", "p": "normal", "notiz": "", "tags": "", "besucht_am": ""}}, {"type": "Feature", "geometry": {"type": "Point", "coordinates": [13.4387536, 52.5053462]}, "properties": {"id": "r0956", "name": "MINA Ristorante East Side Gallery", "typ": "Restaurant", "status": "wunschliste", "q": "unbewertet", "p": "ueberteuert", "notiz": "", "tags": "", "besucht_am": ""}}, {"type": "Feature", "geometry": {"type": "Point", "coordinates": [13.3283441, 52.5008545]}, "properties": {"id": "r0957", "name": "Mine", "typ": "Restaurant", "status": "wunschliste", "q": "unbewertet", "p": "ueberteuert", "notiz": "", "tags": "", "besucht_am": ""}}, {"type": "Feature", "geometry": {"type": "Point", "coordinates": [13.4640718, 52.5164263]}, "properties": {"id": "r0958", "name": "Minimal Bar", "typ": "Bar", "status": "wunschliste", "q": "unbewertet", "p": "normal", "notiz": "", "tags": "", "besucht_am": ""}}, {"type": "Feature", "geometry": {"type": "Point", "coordinates": [13.3533072, 52.4927211]}, "properties": {"id": "r0959", "name": "Mister Hu", "typ": "Bar", "status": "wunschliste", "q": "top", "p": "normal", "notiz": "", "tags": "", "besucht_am": ""}}, {"type": "Feature", "geometry": {"type": "Point", "coordinates": [13.4250505, 52.4934011]}, "properties": {"id": "r0960", "name": "Mondhuegel Bar", "typ": "Bar", "status": "wunschliste", "q": "top", "p": "normal", "notiz": "", "tags": "", "besucht_am": ""}}, {"type": "Feature", "geometry": {"type": "Point", "coordinates": [13.4351245, 52.4863147]}, "properties": {"id": "r0961", "name": "Motif Wein", "typ": "Weinbar", "status": "wunschliste", "q": "unbewertet", "p": "normal", "notiz": "", "tags": "", "besucht_am": ""}}, {"type": "Feature", "geometry": {"type": "Point", "coordinates": [13.317147, 52.506312]}, "properties": {"id": "r0962", "name": "Mr Chai-Wala", "typ": "Asia", "status": "wunschliste", "q": "top", "p": "normal", "notiz": "", "tags": "", "besucht_am": ""}}, {"type": "Feature", "geometry": {"type": "Point", "coordinates": [13.3818712, 52.4934926]}, "properties": {"id": "r0963", "name": "Mr. Minsch", "typ": "Café", "status": "wunschliste", "q": "top", "p": "normal", "notiz": "", "tags": "", "besucht_am": ""}}, {"type": "Feature", "geometry": {"type": "Point", "coordinates": [13.42619, 52.48068]}, "properties": {"id": "r0964", "name": "MUTED HORN", "typ": "Kneipe", "status": "wunschliste", "q": "top", "p": "normal", "notiz": "", "tags": "", "besucht_am": ""}}, {"type": "Feature", "geometry": {"type": "Point", "coordinates": [13.4403337, 52.501821]}, "properties": {"id": "r0965", "name": "Möllers Köttbullar", "typ": "Restaurant", "status": "wunschliste", "q": "top", "p": "normal", "notiz": "", "tags": "", "besucht_am": ""}}, {"type": "Feature", "geometry": {"type": "Point", "coordinates": [13.355832, 52.4864629]}, "properties": {"id": "r0966", "name": "Möve im Felsenkeller", "typ": "Kneipe", "status": "wunschliste", "q": "top", "p": "normal", "notiz": "", "tags": "", "besucht_am": ""}}, {"type": "Feature", "geometry": {"type": "Point", "coordinates": [13.3905845, 52.4884209]}, "properties": {"id": "r0967", "name": "Namsan Berlin", "typ": "Asia", "status": "wunschliste", "q": "top", "p": "normal", "notiz": "", "tags": "", "besucht_am": ""}}, {"type": "Feature", "geometry": {"type": "Point", "coordinates": [13.3387232, 52.5278237]}, "properties": {"id": "r0968", "name": "Naninka", "typ": "Restaurant", "status": "wunschliste", "q": "unbewertet", "p": "normal", "notiz": "", "tags": "", "besucht_am": ""}}, {"type": "Feature", "geometry": {"type": "Point", "coordinates": [13.3943241, 52.5025469]}, "properties": {"id": "r0969", "name": "NaNum - Treffpunkt für Künstler und Kreative", "typ": "Asia", "status": "wunschliste", "q": "top", "p": "normal", "notiz": "", "tags": "", "besucht_am": ""}}, {"type": "Feature", "geometry": {"type": "Point", "coordinates": [13.4186429, 52.4939122]}, "properties": {"id": "r0970", "name": "Navi New Indian", "typ": "Asia", "status": "wunschliste", "q": "unbewertet", "p": "normal", "notiz": "", "tags": "", "besucht_am": ""}}, {"type": "Feature", "geometry": {"type": "Point", "coordinates": [13.377674, 52.5351465]}, "properties": {"id": "r0971", "name": "Nea Pizza 1889", "typ": "Pizza", "status": "wunschliste", "q": "top", "p": "normal", "notiz": "", "tags": "", "besucht_am": ""}}, {"type": "Feature", "geometry": {"type": "Point", "coordinates": [13.4472503, 52.5036796]}, "properties": {"id": "r0972", "name": "Nepalese Momo", "typ": "Imbiss", "status": "wunschliste", "q": "gut", "p": "guenstig", "notiz": "", "tags": "", "besucht_am": ""}}, {"type": "Feature", "geometry": {"type": "Point", "coordinates": [13.44909, 52.49036]}, "properties": {"id": "r0973", "name": "Neue Republik Reger", "typ": "Restaurant", "status": "wunschliste", "q": "top", "p": "normal", "notiz": "", "tags": "", "besucht_am": ""}}, {"type": "Feature", "geometry": {"type": "Point", "coordinates": [13.4051396, 52.5171722]}, "properties": {"id": "r0974", "name": "Ngon Restaurant - Berlin", "typ": "Asia", "status": "wunschliste", "q": "unbewertet", "p": "normal", "notiz": "", "tags": "", "besucht_am": ""}}, {"type": "Feature", "geometry": {"type": "Point", "coordinates": [13.3935476, 52.541891]}, "properties": {"id": "r0975", "name": "Niko Izakaya", "typ": "Asia", "status": "wunschliste", "q": "top", "p": "normal", "notiz": "", "tags": "", "besucht_am": ""}}, {"type": "Feature", "geometry": {"type": "Point", "coordinates": [13.3120609, 52.512198]}, "properties": {"id": "r0976", "name": "Nin Hao", "typ": "Asia", "status": "wunschliste", "q": "gut", "p": "ueberteuert", "notiz": "[Migration: war rot = gut, aber zu teuer]", "tags": "", "besucht_am": ""}}, {"type": "Feature", "geometry": {"type": "Point", "coordinates": [13.3904178, 52.5053369]}, "properties": {"id": "r0977", "name": "Nobelhart & Schmutzig", "typ": "Restaurant", "status": "wunschliste", "q": "unbewertet", "p": "ueberteuert", "notiz": "", "tags": "", "besucht_am": ""}}, {"type": "Feature", "geometry": {"type": "Point", "coordinates": [13.460392, 52.509342]}, "properties": {"id": "r0978", "name": "Noble Rot Weinbar", "typ": "Weinbar", "status": "wunschliste", "q": "top", "p": "normal", "notiz": "", "tags": "", "besucht_am": ""}}, {"type": "Feature", "geometry": {"type": "Point", "coordinates": [13.3948043, 52.5291327]}, "properties": {"id": "r0979", "name": "nola - homemade fried chicken", "typ": "Imbiss", "status": "wunschliste", "q": "unbewertet", "p": "normal", "notiz": "", "tags": "", "besucht_am": ""}}, {"type": "Feature", "geometry": {"type": "Point", "coordinates": [13.4283899, 52.5013185]}, "properties": {"id": "r0980", "name": "Nomi", "typ": "Weinbar", "status": "wunschliste", "q": "unbewertet", "p": "normal", "notiz": "", "tags": "", "besucht_am": ""}}, {"type": "Feature", "geometry": {"type": "Point", "coordinates": [13.4328374, 52.4843126]}, "properties": {"id": "r0981", "name": "Nudelbude", "typ": "Restaurant", "status": "wunschliste", "q": "top", "p": "normal", "notiz": "", "tags": "", "besucht_am": ""}}, {"type": "Feature", "geometry": {"type": "Point", "coordinates": [13.4425745, 52.5013483]}, "properties": {"id": "r0982", "name": "Oberbaumeck", "typ": "Kneipe", "status": "wunschliste", "q": "top", "p": "normal", "notiz": "", "tags": "", "besucht_am": ""}}, {"type": "Feature", "geometry": {"type": "Point", "coordinates": [13.39163, 52.553383]}, "properties": {"id": "r0983", "name": "OFFSIDE Pub & Whisky Bar", "typ": "Kneipe", "status": "wunschliste", "q": "top", "p": "normal", "notiz": "", "tags": "", "besucht_am": ""}}, {"type": "Feature", "geometry": {"type": "Point", "coordinates": [13.4368643, 52.4708024]}, "properties": {"id": "r0984", "name": "Orangerie Neukölln", "typ": "Café", "status": "wunschliste", "q": "unbewertet", "p": "normal", "notiz": "", "tags": "", "besucht_am": ""}}, {"type": "Feature", "geometry": {"type": "Point", "coordinates": [13.4168943, 52.499611]}, "properties": {"id": "r0985", "name": "Orient Eck", "typ": "Imbiss", "status": "wunschliste", "q": "gut", "p": "guenstig", "notiz": "", "tags": "", "besucht_am": ""}}, {"type": "Feature", "geometry": {"type": "Point", "coordinates": [13.4255639, 52.4922656]}, "properties": {"id": "r0986", "name": "osteria sippi", "typ": "Restaurant", "status": "wunschliste", "q": "unbewertet", "p": "normal", "notiz": "", "tags": "", "besucht_am": ""}}, {"type": "Feature", "geometry": {"type": "Point", "coordinates": [13.4166512, 52.5009239]}, "properties": {"id": "r0987", "name": "ottorink weinbar", "typ": "Weinbar", "status": "wunschliste", "q": "top", "p": "normal", "notiz": "", "tags": "", "besucht_am": ""}}, {"type": "Feature", "geometry": {"type": "Point", "coordinates": [13.3954887, 52.5319976]}, "properties": {"id": "r0988", "name": "Oukan Dining", "typ": "Asia", "status": "wunschliste", "q": "unbewertet", "p": "ueberteuert", "notiz": "", "tags": "", "besucht_am": ""}}, {"type": "Feature", "geometry": {"type": "Point", "coordinates": [13.42328, 52.50106]}, "properties": {"id": "r0989", "name": "OYA", "typ": "Café", "status": "wunschliste", "q": "top", "p": "normal", "notiz": "", "tags": "", "besucht_am": ""}}, {"type": "Feature", "geometry": {"type": "Point", "coordinates": [13.2603521, 52.4355769]}, "properties": {"id": "r0990", "name": "PadoK.", "typ": "Café", "status": "wunschliste", "q": "top", "p": "normal", "notiz": "", "tags": "", "besucht_am": ""}}, {"type": "Feature", "geometry": {"type": "Point", "coordinates": [13.4189874, 52.4993177]}, "properties": {"id": "r0991", "name": "Paloma Bar", "typ": "Kneipe", "status": "wunschliste", "q": "unbewertet", "p": "normal", "notiz": "", "tags": "", "besucht_am": ""}}, {"type": "Feature", "geometry": {"type": "Point", "coordinates": [13.3584278, 52.546287]}, "properties": {"id": "r0992", "name": "Pamfilya", "typ": "Imbiss", "status": "wunschliste", "q": "unbewertet", "p": "normal", "notiz": "", "tags": "", "besucht_am": ""}}, {"type": "Feature", "geometry": {"type": "Point", "coordinates": [13.3338856, 52.5089032]}, "properties": {"id": "r0993", "name": "Papillon Restaurant & Bar", "typ": "Restaurant", "status": "wunschliste", "q": "unbewertet", "p": "ueberteuert", "notiz": "", "tags": "", "besucht_am": ""}}, {"type": "Feature", "geometry": {"type": "Point", "coordinates": [13.4399707, 52.4995873]}, "properties": {"id": "r0994", "name": "Parma di Vinibenedetti", "typ": "Pizza", "status": "wunschliste", "q": "unbewertet", "p": "normal", "notiz": "", "tags": "", "besucht_am": ""}}, {"type": "Feature", "geometry": {"type": "Point", "coordinates": [13.3214413, 52.5074948]}, "properties": {"id": "r0995", "name": "pars Restaurant (+ pars Pralinen)", "typ": "Restaurant", "status": "wunschliste", "q": "top", "p": "normal", "notiz": "", "tags": "", "besucht_am": ""}}, {"type": "Feature", "geometry": {"type": "Point", "coordinates": [13.4612931, 52.5113416]}, "properties": {"id": "r0996", "name": "Partenope #081", "typ": "Pizza", "status": "wunschliste", "q": "unbewertet", "p": "normal", "notiz": "", "tags": "", "besucht_am": ""}}, {"type": "Feature", "geometry": {"type": "Point", "coordinates": [13.3181548, 52.5077521]}, "properties": {"id": "r0997", "name": "Pascarella", "typ": "Restaurant", "status": "wunschliste", "q": "unbewertet", "p": "normal", "notiz": "", "tags": "", "besucht_am": ""}}, {"type": "Feature", "geometry": {"type": "Point", "coordinates": [13.4137977, 52.4914762]}, "properties": {"id": "r0998", "name": "Patakha", "typ": "Asia", "status": "wunschliste", "q": "top", "p": "normal", "notiz": "", "tags": "", "besucht_am": ""}}, {"type": "Feature", "geometry": {"type": "Point", "coordinates": [13.3478663, 52.5221238]}, "properties": {"id": "r0999", "name": "Patio", "typ": "Restaurant", "status": "wunschliste", "q": "unbewertet", "p": "ueberteuert", "notiz": "", "tags": "", "besucht_am": ""}}, {"type": "Feature", "geometry": {"type": "Point", "coordinates": [13.3181395, 52.5081692]}, "properties": {"id": "r1000", "name": "Patisserie Avnon GmbH", "typ": "Café", "status": "wunschliste", "q": "top", "p": "normal", "notiz": "", "tags": "", "besucht_am": ""}}, {"type": "Feature", "geometry": {"type": "Point", "coordinates": [13.3410034, 52.5015941]}, "properties": {"id": "r1001", "name": "Pearlossol Kaviarbar", "typ": "Restaurant", "status": "wunschliste", "q": "unbewertet", "p": "ueberteuert", "notiz": "", "tags": "", "besucht_am": ""}}, {"type": "Feature", "geometry": {"type": "Point", "coordinates": [13.3908163, 52.4876343]}, "properties": {"id": "r1002", "name": "Peter Schlemihl", "typ": "Restaurant", "status": "wunschliste", "q": "top", "p": "normal", "notiz": "", "tags": "", "besucht_am": ""}}, {"type": "Feature", "geometry": {"type": "Point", "coordinates": [13.2744185, 52.4802398]}, "properties": {"id": "r1003", "name": "PHC BAR", "typ": "Bar", "status": "wunschliste", "q": "top", "p": "normal", "notiz": "", "tags": "", "besucht_am": ""}}, {"type": "Feature", "geometry": {"type": "Point", "coordinates": [13.3248506, 52.5012886]}, "properties": {"id": "r1004", "name": "Piccola Taormina", "typ": "Pizza", "status": "wunschliste", "q": "gut", "p": "guenstig", "notiz": "", "tags": "", "besucht_am": ""}}, {"type": "Feature", "geometry": {"type": "Point", "coordinates": [13.4312734, 52.5096356]}, "properties": {"id": "r1005", "name": "Pizza Mario x Gambino", "typ": "Pizza", "status": "wunschliste", "q": "unbewertet", "p": "normal", "notiz": "", "tags": "", "besucht_am": ""}}, {"type": "Feature", "geometry": {"type": "Point", "coordinates": [13.4149338, 52.5410141]}, "properties": {"id": "r1006", "name": "Pizza Nostra", "typ": "Pizza", "status": "wunschliste", "q": "gut", "p": "guenstig", "notiz": "", "tags": "", "besucht_am": ""}}, {"type": "Feature", "geometry": {"type": "Point", "coordinates": [13.376119, 52.5363534]}, "properties": {"id": "r1007", "name": "PIZZERIA - Napoletanische Pizza Berlin", "typ": "Pizza", "status": "wunschliste", "q": "top", "p": "normal", "notiz": "", "tags": "", "besucht_am": ""}}, {"type": "Feature", "geometry": {"type": "Point", "coordinates": [13.33854, 52.49607]}, "properties": {"id": "r1008", "name": "Ponte - Ristorante Italiano", "typ": "Restaurant", "status": "wunschliste", "q": "unbewertet", "p": "normal", "notiz": "", "tags": "", "besucht_am": ""}}, {"type": "Feature", "geometry": {"type": "Point", "coordinates": [13.3386078, 52.5279392]}, "properties": {"id": "r1009", "name": "POUND & PENCE - Burger in der Arminiusmarkthalle", "typ": "Burger", "status": "wunschliste", "q": "top", "p": "normal", "notiz": "", "tags": "", "besucht_am": ""}}, {"type": "Feature", "geometry": {"type": "Point", "coordinates": [13.3216579, 52.5032713]}, "properties": {"id": "r1010", "name": "Princess Cheesecake", "typ": "Café", "status": "wunschliste", "q": "unbewertet", "p": "normal", "notiz": "", "tags": "", "besucht_am": ""}}, {"type": "Feature", "geometry": {"type": "Point", "coordinates": [13.3009124, 52.506999]}, "properties": {"id": "r1011", "name": "Prism", "typ": "Restaurant", "status": "wunschliste", "q": "top", "p": "teuer", "notiz": "", "tags": "", "besucht_am": ""}}, {"type": "Feature", "geometry": {"type": "Point", "coordinates": [13.3622646, 52.4939055]}, "properties": {"id": "r1012", "name": "Prometeo Authentic Pizza", "typ": "Pizza", "status": "wunschliste", "q": "top", "p": "normal", "notiz": "", "tags": "", "besucht_am": ""}}, {"type": "Feature", "geometry": {"type": "Point", "coordinates": [13.4570688, 52.5131524]}, "properties": {"id": "r1013", "name": "Protokoll Taproom - Craft Beer Bar", "typ": "Kneipe", "status": "wunschliste", "q": "top", "p": "normal", "notiz": "", "tags": "", "besucht_am": ""}}, {"type": "Feature", "geometry": {"type": "Point", "coordinates": [13.3088501, 52.49587]}, "properties": {"id": "r1014", "name": "Provocateur Hotel", "typ": "Bar", "status": "wunschliste", "q": "unbewertet", "p": "ueberteuert", "notiz": "", "tags": "", "besucht_am": ""}}, {"type": "Feature", "geometry": {"type": "Point", "coordinates": [13.428985, 52.4711757]}, "properties": {"id": "r1015", "name": "Publix_Kantine", "typ": "Restaurant", "status": "wunschliste", "q": "top", "p": "normal", "notiz": "", "tags": "", "besucht_am": ""}}, {"type": "Feature", "geometry": {"type": "Point", "coordinates": [13.2925035, 52.5132095]}, "properties": {"id": "r1016", "name": "PUM korean restaurant", "typ": "Asia", "status": "wunschliste", "q": "top", "p": "normal", "notiz": "", "tags": "", "besucht_am": ""}}, {"type": "Feature", "geometry": {"type": "Point", "coordinates": [13.3979339, 52.5344657]}, "properties": {"id": "r1017", "name": "Purgal Delicatessen", "typ": "Frühstück", "status": "wunschliste", "q": "unbewertet", "p": "normal", "notiz": "", "tags": "", "besucht_am": ""}}, {"type": "Feature", "geometry": {"type": "Point", "coordinates": [13.4180483, 52.4931548]}, "properties": {"id": "r1018", "name": "RE Cucina Bar", "typ": "Restaurant", "status": "wunschliste", "q": "unbewertet", "p": "normal", "notiz": "", "tags": "", "besucht_am": ""}}, {"type": "Feature", "geometry": {"type": "Point", "coordinates": [13.3522392, 52.4874033]}, "properties": {"id": "r1019", "name": "Renger-Patzsch", "typ": "Restaurant", "status": "wunschliste", "q": "top", "p": "normal", "notiz": "", "tags": "", "besucht_am": ""}}, {"type": "Feature", "geometry": {"type": "Point", "coordinates": [13.2888545, 52.5071799]}, "properties": {"id": "r1020", "name": "Restaurant \"AuLac\" im Ringhotel Seehof Berlin", "typ": "Restaurant", "status": "wunschliste", "q": "unbewertet", "p": "normal", "notiz": "", "tags": "", "besucht_am": ""}}, {"type": "Feature", "geometry": {"type": "Point", "coordinates": [13.3271798, 52.5245962]}, "properties": {"id": "r1021", "name": "Restaurant Agni", "typ": "Asia", "status": "wunschliste", "q": "top", "p": "normal", "notiz": "", "tags": "", "besucht_am": ""}}, {"type": "Feature", "geometry": {"type": "Point", "coordinates": [13.4062114, 52.5159222]}, "properties": {"id": "r1022", "name": "Restaurant Balthazar Spreeufer 2", "typ": "Restaurant", "status": "wunschliste", "q": "top", "p": "normal", "notiz": "", "tags": "", "besucht_am": ""}}, {"type": "Feature", "geometry": {"type": "Point", "coordinates": [13.3214413, 52.5074948]}, "properties": {"id": "r1023", "name": "Restaurant BRIKZ", "typ": "Restaurant", "status": "wunschliste", "q": "top", "p": "teuer", "notiz": "", "tags": "", "besucht_am": ""}}, {"type": "Feature", "geometry": {"type": "Point", "coordinates": [13.29772, 52.50541]}, "properties": {"id": "r1024", "name": "Restaurant Bruderherz", "typ": "Restaurant", "status": "wunschliste", "q": "top", "p": "normal", "notiz": "", "tags": "", "besucht_am": ""}}, {"type": "Feature", "geometry": {"type": "Point", "coordinates": [13.4102476, 52.5310027]}, "properties": {"id": "r1025", "name": "Restaurant CHOI", "typ": "Asia", "status": "wunschliste", "q": "top", "p": "teuer", "notiz": "", "tags": "", "besucht_am": ""}}, {"type": "Feature", "geometry": {"type": "Point", "coordinates": [13.3860298, 52.5177883]}, "properties": {"id": "r1026", "name": "Restaurant Château Royal", "typ": "Restaurant", "status": "wunschliste", "q": "unbewertet", "p": "ueberteuert", "notiz": "", "tags": "", "besucht_am": ""}}, {"type": "Feature", "geometry": {"type": "Point", "coordinates": [13.4208811, 52.4965731]}, "properties": {"id": "r1027", "name": "Restaurant Horváth", "typ": "Restaurant", "status": "wunschliste", "q": "unbewertet", "p": "ueberteuert", "notiz": "", "tags": "", "besucht_am": ""}}, {"type": "Feature", "geometry": {"type": "Point", "coordinates": [13.055606, 52.402439]}, "properties": {"id": "r1028", "name": "Restaurant Juliette", "typ": "Restaurant", "status": "wunschliste", "q": "top", "p": "normal", "notiz": "", "tags": "", "besucht_am": ""}}, {"type": "Feature", "geometry": {"type": "Point", "coordinates": [13.0574972, 52.3960972]}, "properties": {"id": "r1029", "name": "Restaurant kochZIMMER", "typ": "Restaurant", "status": "wunschliste", "q": "top", "p": "teuer", "notiz": "", "tags": "", "besucht_am": ""}}, {"type": "Feature", "geometry": {"type": "Point", "coordinates": [13.3318745, 52.5027299]}, "properties": {"id": "r1030", "name": "Restaurant Le Faubourg", "typ": "Restaurant", "status": "wunschliste", "q": "top", "p": "normal", "notiz": "", "tags": "", "besucht_am": ""}}, {"type": "Feature", "geometry": {"type": "Point", "coordinates": [13.322027, 52.6076905]}, "properties": {"id": "r1031", "name": "Restaurant Morgenland", "typ": "Restaurant", "status": "wunschliste", "q": "top", "p": "normal", "notiz": "", "tags": "", "besucht_am": ""}}, {"type": "Feature", "geometry": {"type": "Point", "coordinates": [13.4907844, 52.5015385]}, "properties": {"id": "r1032", "name": "Restaurant YUUMI", "typ": "Asia", "status": "wunschliste", "q": "top", "p": "normal", "notiz": "", "tags": "", "besucht_am": ""}}, {"type": "Feature", "geometry": {"type": "Point", "coordinates": [13.3386537, 52.527824]}, "properties": {"id": "r1033", "name": "Restaurant Šljiva", "typ": "Restaurant", "status": "wunschliste", "q": "top", "p": "normal", "notiz": "", "tags": "", "besucht_am": ""}}, {"type": "Feature", "geometry": {"type": "Point", "coordinates": [13.3319559, 52.512703]}, "properties": {"id": "r1034", "name": "Restaurantschiff Capt'n Schillow", "typ": "Biergarten", "status": "wunschliste", "q": "top", "p": "normal", "notiz": "", "tags": "", "besucht_am": ""}}, {"type": "Feature", "geometry": {"type": "Point", "coordinates": [13.373772, 52.4876832]}, "properties": {"id": "r1035", "name": "Ripieno", "typ": "Restaurant", "status": "wunschliste", "q": "top", "p": "normal", "notiz": "", "tags": "", "besucht_am": ""}}, {"type": "Feature", "geometry": {"type": "Point", "coordinates": [13.4000754, 52.5330185]}, "properties": {"id": "r1036", "name": "Rises Delicacies", "typ": "Restaurant", "status": "wunschliste", "q": "top", "p": "normal", "notiz": "", "tags": "", "besucht_am": ""}}, {"type": "Feature", "geometry": {"type": "Point", "coordinates": [13.4368007, 52.4818931]}, "properties": {"id": "r1037", "name": "Ristorante Babbo bar", "typ": "Restaurant", "status": "wunschliste", "q": "top", "p": "normal", "notiz": "", "tags": "", "besucht_am": ""}}, {"type": "Feature", "geometry": {"type": "Point", "coordinates": [13.3178661, 52.501043]}, "properties": {"id": "r1038", "name": "Ristorante Cumberland", "typ": "Restaurant", "status": "wunschliste", "q": "top", "p": "normal", "notiz": "", "tags": "", "besucht_am": ""}}, {"type": "Feature", "geometry": {"type": "Point", "coordinates": [13.4191314, 52.487945]}, "properties": {"id": "r1039", "name": "Ristorante Masaniello", "typ": "Restaurant", "status": "wunschliste", "q": "unbewertet", "p": "normal", "notiz": "", "tags": "", "besucht_am": ""}}, {"type": "Feature", "geometry": {"type": "Point", "coordinates": [13.32039, 52.50641]}, "properties": {"id": "r1040", "name": "Ristorante Osteria Centrale", "typ": "Restaurant", "status": "wunschliste", "q": "unbewertet", "p": "normal", "notiz": "", "tags": "", "besucht_am": ""}}, {"type": "Feature", "geometry": {"type": "Point", "coordinates": [13.3945546, 52.523891]}, "properties": {"id": "r1041", "name": "Root", "typ": "Restaurant", "status": "wunschliste", "q": "unbewertet", "p": "ueberteuert", "notiz": "", "tags": "", "besucht_am": ""}}, {"type": "Feature", "geometry": {"type": "Point", "coordinates": [13.326574, 52.49835]}, "properties": {"id": "r1042", "name": "Rum Trader", "typ": "Bar", "status": "wunschliste", "q": "unbewertet", "p": "normal", "notiz": "", "tags": "", "besucht_am": ""}}, {"type": "Feature", "geometry": {"type": "Point", "coordinates": [13.386413, 52.528294]}, "properties": {"id": "r1043", "name": "Rutz - Restaurant und Weinbar", "typ": "Restaurant", "status": "wunschliste", "q": "top", "p": "teuer", "notiz": "", "tags": "", "besucht_am": ""}}, {"type": "Feature", "geometry": {"type": "Point", "coordinates": [13.6290121, 52.4268148]}, "properties": {"id": "r1044", "name": "Rübezahl am Müggelsee", "typ": "Kneipe", "status": "wunschliste", "q": "unbewertet", "p": "normal", "notiz": "", "tags": "", "besucht_am": ""}}, {"type": "Feature", "geometry": {"type": "Point", "coordinates": [13.3539481, 52.4846852]}, "properties": {"id": "r1045", "name": "Rüya Gemüse Kebab", "typ": "Imbiss", "status": "wunschliste", "q": "top", "p": "normal", "notiz": "[Migration: Farbvariante Gold F4B400]", "tags": "", "besucht_am": ""}}, {"type": "Feature", "geometry": {"type": "Point", "coordinates": [13.4204008, 52.4876958]}, "properties": {"id": "r1046", "name": "s h i z u k u .", "typ": "Bar", "status": "wunschliste", "q": "top", "p": "normal", "notiz": "", "tags": "", "besucht_am": ""}}, {"type": "Feature", "geometry": {"type": "Point", "coordinates": [13.323713, 52.5047014]}, "properties": {"id": "r1047", "name": "Sachiko Sushi", "typ": "Sushi", "status": "wunschliste", "q": "top", "p": "normal", "notiz": "", "tags": "", "besucht_am": ""}}, {"type": "Feature", "geometry": {"type": "Point", "coordinates": [13.437866, 52.502979]}, "properties": {"id": "r1048", "name": "Salumeria Lamuri", "typ": "Restaurant", "status": "wunschliste", "q": "top", "p": "normal", "notiz": "", "tags": "", "besucht_am": ""}}, {"type": "Feature", "geometry": {"type": "Point", "coordinates": [13.290969, 52.506516]}, "properties": {"id": "r1049", "name": "Salumeria Rosa", "typ": "Restaurant", "status": "wunschliste", "q": "top", "p": "normal", "notiz": "", "tags": "", "besucht_am": ""}}, {"type": "Feature", "geometry": {"type": "Point", "coordinates": [13.3534908, 52.4911012]}, "properties": {"id": "r1050", "name": "Salut! Classic Bar", "typ": "Bar", "status": "wunschliste", "q": "top", "p": "normal", "notiz": "", "tags": "", "besucht_am": ""}}, {"type": "Feature", "geometry": {"type": "Point", "coordinates": [13.3611111, 52.5547222]}, "properties": {"id": "r1051", "name": "Sam Yuk Gu", "typ": "Asia", "status": "wunschliste", "q": "unbewertet", "p": "normal", "notiz": "", "tags": "", "besucht_am": ""}}, {"type": "Feature", "geometry": {"type": "Point", "coordinates": [13.3016393, 52.5089749]}, "properties": {"id": "r1052", "name": "Samakki Talad Thai", "typ": "Asia", "status": "wunschliste", "q": "unbewertet", "p": "normal", "notiz": "", "tags": "", "besucht_am": ""}}, {"type": "Feature", "geometry": {"type": "Point", "coordinates": [13.3050207, 52.5038271]}, "properties": {"id": "r1053", "name": "San Giorgio", "typ": "Restaurant", "status": "wunschliste", "q": "top", "p": "normal", "notiz": "", "tags": "", "besucht_am": ""}}, {"type": "Feature", "geometry": {"type": "Point", "coordinates": [13.3306953, 52.4667086]}, "properties": {"id": "r1054", "name": "Schmidt Z & KO", "typ": "Weinbar", "status": "wunschliste", "q": "top", "p": "normal", "notiz": "", "tags": "", "besucht_am": ""}}, {"type": "Feature", "geometry": {"type": "Point", "coordinates": [13.3441786, 52.5553087]}, "properties": {"id": "r1055", "name": "Schneeeule Salon für Berliner Bierkultur", "typ": "Kneipe", "status": "wunschliste", "q": "top", "p": "normal", "notiz": "", "tags": "", "besucht_am": ""}}, {"type": "Feature", "geometry": {"type": "Point", "coordinates": [13.4072222, 52.5238889]}, "properties": {"id": "r1056", "name": "Schnelle Quelle", "typ": "Kneipe", "status": "wunschliste", "q": "unbewertet", "p": "normal", "notiz": "", "tags": "", "besucht_am": ""}}, {"type": "Feature", "geometry": {"type": "Point", "coordinates": [13.402747, 52.540938]}, "properties": {"id": "r1057", "name": "Schönwetter", "typ": "Kneipe", "status": "wunschliste", "q": "top", "p": "normal", "notiz": "", "tags": "", "besucht_am": ""}}, {"type": "Feature", "geometry": {"type": "Point", "coordinates": [13.3555944, 52.4867644]}, "properties": {"id": "r1058", "name": "Schüsseldienst", "typ": "Restaurant", "status": "wunschliste", "q": "gut", "p": "guenstig", "notiz": "", "tags": "", "besucht_am": ""}}, {"type": "Feature", "geometry": {"type": "Point", "coordinates": [13.3271526, 52.5031965]}, "properties": {"id": "r1059", "name": "Scirocco Brasserie", "typ": "Restaurant", "status": "wunschliste", "q": "unbewertet", "p": "ueberteuert", "notiz": "", "tags": "", "besucht_am": ""}}, {"type": "Feature", "geometry": {"type": "Point", "coordinates": [13.4500313, 52.5077682]}, "properties": {"id": "r1060", "name": "Secret Garden | Vegan Sushi", "typ": "Sushi", "status": "wunschliste", "q": "unbewertet", "p": "normal", "notiz": "", "tags": "", "besucht_am": ""}}, {"type": "Feature", "geometry": {"type": "Point", "coordinates": [13.4217131, 52.53413]}, "properties": {"id": "r1061", "name": "Selecta Modern Pizza", "typ": "Pizza", "status": "wunschliste", "q": "top", "p": "normal", "notiz": "", "tags": "", "besucht_am": ""}}, {"type": "Feature", "geometry": {"type": "Point", "coordinates": [13.33059, 52.47068]}, "properties": {"id": "r1062", "name": "Seoul-Kwan Restaurant", "typ": "Asia", "status": "wunschliste", "q": "top", "p": "normal", "notiz": "", "tags": "", "besucht_am": ""}}, {"type": "Feature", "geometry": {"type": "Point", "coordinates": [13.450397, 52.4739148]}, "properties": {"id": "r1063", "name": "Sfera", "typ": "Frühstück", "status": "wunschliste", "q": "top", "p": "normal", "notiz": "", "tags": "", "besucht_am": ""}}, {"type": "Feature", "geometry": {"type": "Point", "coordinates": [13.3279995, 52.496173]}, "properties": {"id": "r1064", "name": "Shaniu's House of Noodles", "typ": "Asia", "status": "wunschliste", "q": "top", "p": "normal", "notiz": "", "tags": "", "besucht_am": ""}}, {"type": "Feature", "geometry": {"type": "Point", "coordinates": [13.4571983, 52.5114479]}, "properties": {"id": "r1065", "name": "Shōdo Udon Lab", "typ": "Asia", "status": "wunschliste", "q": "top", "p": "normal", "notiz": "", "tags": "", "besucht_am": ""}}, {"type": "Feature", "geometry": {"type": "Point", "coordinates": [13.3231307, 52.4604628]}, "properties": {"id": "r1066", "name": "Sida", "typ": "Asia", "status": "wunschliste", "q": "unbewertet", "p": "normal", "notiz": "", "tags": "", "besucht_am": ""}}, {"type": "Feature", "geometry": {"type": "Point", "coordinates": [13.41783, 52.49998]}, "properties": {"id": "r1067", "name": "Simitdchi Cafe & Backhaus", "typ": "Restaurant", "status": "wunschliste", "q": "unbewertet", "p": "normal", "notiz": "", "tags": "", "besucht_am": ""}}, {"type": "Feature", "geometry": {"type": "Point", "coordinates": [13.4170543, 52.536912]}, "properties": {"id": "r1068", "name": "simsim levantine eatery", "typ": "Restaurant", "status": "wunschliste", "q": "unbewertet", "p": "normal", "notiz": "", "tags": "", "besucht_am": ""}}, {"type": "Feature", "geometry": {"type": "Point", "coordinates": [13.3535133, 52.4937462]}, "properties": {"id": "r1069", "name": "Sironi – Pizza di Milano", "typ": "Pizza", "status": "wunschliste", "q": "unbewertet", "p": "normal", "notiz": "", "tags": "", "besucht_am": ""}}, {"type": "Feature", "geometry": {"type": "Point", "coordinates": [13.4684846, 52.5140774]}, "properties": {"id": "r1070", "name": "Sky Bar", "typ": "Bar", "status": "wunschliste", "q": "unbewertet", "p": "normal", "notiz": "", "tags": "", "besucht_am": ""}}, {"type": "Feature", "geometry": {"type": "Point", "coordinates": [13.45707, 52.52844]}, "properties": {"id": "r1071", "name": "SKYKITCHEN Restaurant & Bar", "typ": "Restaurant", "status": "wunschliste", "q": "top", "p": "teuer", "notiz": "", "tags": "", "besucht_am": ""}}, {"type": "Feature", "geometry": {"type": "Point", "coordinates": [13.3949077, 52.5289504]}, "properties": {"id": "r1072", "name": "Slice Society", "typ": "Pizza", "status": "besucht", "q": "top", "p": "normal", "notiz": "", "tags": "", "besucht_am": ""}}, {"type": "Feature", "geometry": {"type": "Point", "coordinates": [13.3847369, 52.5502926]}, "properties": {"id": "r1073", "name": "Smack Burger", "typ": "Burger", "status": "wunschliste", "q": "top", "p": "normal", "notiz": "", "tags": "", "besucht_am": ""}}, {"type": "Feature", "geometry": {"type": "Point", "coordinates": [13.4296144, 52.495535]}, "properties": {"id": "r1074", "name": "Smooches Sandwich Laden", "typ": "Restaurant", "status": "wunschliste", "q": "top", "p": "normal", "notiz": "", "tags": "", "besucht_am": ""}}, {"type": "Feature", "geometry": {"type": "Point", "coordinates": [13.304953, 52.514882]}, "properties": {"id": "r1075", "name": "Sole d`Oro CUCINA ITALIANA", "typ": "Restaurant", "status": "wunschliste", "q": "top", "p": "normal", "notiz": "", "tags": "", "besucht_am": ""}}, {"type": "Feature", "geometry": {"type": "Point", "coordinates": [13.3118442, 52.5066109]}, "properties": {"id": "r1076", "name": "Son Kitchen", "typ": "Imbiss", "status": "wunschliste", "q": "top", "p": "normal", "notiz": "", "tags": "", "besucht_am": ""}}, {"type": "Feature", "geometry": {"type": "Point", "coordinates": [13.4337898, 52.490121]}, "properties": {"id": "r1077", "name": "Sorrel", "typ": "Frühstück", "status": "wunschliste", "q": "top", "p": "normal", "notiz": "", "tags": "", "besucht_am": ""}}, {"type": "Feature", "geometry": {"type": "Point", "coordinates": [13.4243938, 52.4753927]}, "properties": {"id": "r1078", "name": "Sowieso", "typ": "Club/Livemusik", "status": "wunschliste", "q": "top", "p": "normal", "notiz": "", "tags": "", "besucht_am": ""}}, {"type": "Feature", "geometry": {"type": "Point", "coordinates": [13.4275649, 52.5461236]}, "properties": {"id": "r1079", "name": "spaghetteria loreta", "typ": "Restaurant", "status": "wunschliste", "q": "top", "p": "normal", "notiz": "", "tags": "", "besucht_am": ""}}, {"type": "Feature", "geometry": {"type": "Point", "coordinates": [13.4212406, 52.4962974]}, "properties": {"id": "r1080", "name": "Spindler", "typ": "Frühstück", "status": "wunschliste", "q": "unbewertet", "p": "ueberteuert", "notiz": "", "tags": "", "besucht_am": ""}}, {"type": "Feature", "geometry": {"type": "Point", "coordinates": [13.4337886, 52.4943931]}, "properties": {"id": "r1081", "name": "Spumante", "typ": "Imbiss", "status": "wunschliste", "q": "gut", "p": "guenstig", "notiz": "", "tags": "", "besucht_am": ""}}, {"type": "Feature", "geometry": {"type": "Point", "coordinates": [13.417353, 52.4918612]}, "properties": {"id": "r1082", "name": "St. Bart", "typ": "Restaurant", "status": "wunschliste", "q": "top", "p": "normal", "notiz": "", "tags": "", "besucht_am": ""}}, {"type": "Feature", "geometry": {"type": "Point", "coordinates": [13.5668771, 52.5558367]}, "properties": {"id": "r1083", "name": "Steakhaus Marzahn", "typ": "Steak/Grill", "status": "wunschliste", "q": "top", "p": "normal", "notiz": "", "tags": "", "besucht_am": ""}}, {"type": "Feature", "geometry": {"type": "Point", "coordinates": [13.59942, 52.41532]}, "properties": {"id": "r1084", "name": "Strandbad Wendenschloss", "typ": "Biergarten", "status": "wunschliste", "q": "unbewertet", "p": "normal", "notiz": "", "tags": "", "besucht_am": ""}}, {"type": "Feature", "geometry": {"type": "Point", "coordinates": [13.4693127, 52.5055415]}, "properties": {"id": "r1085", "name": "Straßenbräu", "typ": "Kneipe", "status": "wunschliste", "q": "top", "p": "normal", "notiz": "", "tags": "", "besucht_am": ""}}, {"type": "Feature", "geometry": {"type": "Point", "coordinates": [13.3460397, 52.509883]}, "properties": {"id": "r1086", "name": "Stue Bar", "typ": "Bar", "status": "wunschliste", "q": "unbewertet", "p": "ueberteuert", "notiz": "", "tags": "", "besucht_am": ""}}, {"type": "Feature", "geometry": {"type": "Point", "coordinates": [13.3078884, 52.5068096]}, "properties": {"id": "r1087", "name": "Superhahn", "typ": "Imbiss", "status": "wunschliste", "q": "gut", "p": "guenstig", "notiz": "", "tags": "", "besucht_am": ""}}, {"type": "Feature", "geometry": {"type": "Point", "coordinates": [13.308654, 52.5025316]}, "properties": {"id": "r1088", "name": "swan&son by Björn Swanson", "typ": "Frühstück", "status": "wunschliste", "q": "top", "p": "normal", "notiz": "", "tags": "", "besucht_am": ""}}, {"type": "Feature", "geometry": {"type": "Point", "coordinates": [13.3976, 52.535532]}, "properties": {"id": "r1089", "name": "Süßfein Brunnenstraße", "typ": "Eis", "status": "wunschliste", "q": "top", "p": "normal", "notiz": "", "tags": "", "besucht_am": ""}}, {"type": "Feature", "geometry": {"type": "Point", "coordinates": [13.43159, 52.48288]}, "properties": {"id": "r1090", "name": "Tabibito", "typ": "Sushi", "status": "wunschliste", "q": "unbewertet", "p": "normal", "notiz": "", "tags": "", "besucht_am": ""}}, {"type": "Feature", "geometry": {"type": "Point", "coordinates": [13.3518529, 52.4800931]}, "properties": {"id": "r1091", "name": "Talea - Italienisches Botanisches Bistro und Café", "typ": "Restaurant", "status": "wunschliste", "q": "top", "p": "normal", "notiz": "", "tags": "", "besucht_am": ""}}, {"type": "Feature", "geometry": {"type": "Point", "coordinates": [13.285886, 52.4962486]}, "properties": {"id": "r1092", "name": "Tandoori Nights Berlin", "typ": "Asia", "status": "wunschliste", "q": "top", "p": "normal", "notiz": "", "tags": "", "besucht_am": ""}}, {"type": "Feature", "geometry": {"type": "Point", "coordinates": [13.3941625, 52.4894089]}, "properties": {"id": "r1093", "name": "Tanne B", "typ": "Eis", "status": "wunschliste", "q": "unbewertet", "p": "normal", "notiz": "", "tags": "", "besucht_am": ""}}, {"type": "Feature", "geometry": {"type": "Point", "coordinates": [13.413454, 52.4908056]}, "properties": {"id": "r1094", "name": "Tante Fichte Speiselokal", "typ": "Restaurant", "status": "wunschliste", "q": "top", "p": "teuer", "notiz": "", "tags": "", "besucht_am": ""}}, {"type": "Feature", "geometry": {"type": "Point", "coordinates": [13.4648928, 52.5163273]}, "properties": {"id": "r1095", "name": "Tapiocaria Berlin", "typ": "Restaurant", "status": "wunschliste", "q": "unbewertet", "p": "normal", "notiz": "", "tags": "", "besucht_am": ""}}, {"type": "Feature", "geometry": {"type": "Point", "coordinates": [13.4215762, 52.5005174]}, "properties": {"id": "r1096", "name": "Taste of Samarkand", "typ": "Restaurant", "status": "wunschliste", "q": "unbewertet", "p": "normal", "notiz": "", "tags": "", "besucht_am": ""}}, {"type": "Feature", "geometry": {"type": "Point", "coordinates": [13.38459, 52.52089]}, "properties": {"id": "r1097", "name": "Tausend", "typ": "Restaurant", "status": "wunschliste", "q": "gut", "p": "ueberteuert", "notiz": "[Migration: war rot = gut, aber zu teuer]", "tags": "", "besucht_am": ""}}, {"type": "Feature", "geometry": {"type": "Point", "coordinates": [13.3579286, 52.5498822]}, "properties": {"id": "r1098", "name": "Taverna Hellas Wedding", "typ": "Restaurant", "status": "wunschliste", "q": "top", "p": "normal", "notiz": "", "tags": "", "besucht_am": ""}}, {"type": "Feature", "geometry": {"type": "Point", "coordinates": [13.3376492, 52.4881353]}, "properties": {"id": "r1099", "name": "Taverna Ousia", "typ": "Restaurant", "status": "wunschliste", "q": "top", "p": "normal", "notiz": "", "tags": "", "besucht_am": ""}}, {"type": "Feature", "geometry": {"type": "Point", "coordinates": [13.3541132, 52.4858476]}, "properties": {"id": "r1100", "name": "Taverne Platia", "typ": "Restaurant", "status": "wunschliste", "q": "top", "p": "normal", "notiz": "", "tags": "", "besucht_am": ""}}, {"type": "Feature", "geometry": {"type": "Point", "coordinates": [13.4369916, 52.4998771]}, "properties": {"id": "r1101", "name": "Ta’Cabrón Taqueria", "typ": "Restaurant", "status": "wunschliste", "q": "unbewertet", "p": "normal", "notiz": "", "tags": "", "besucht_am": ""}}, {"type": "Feature", "geometry": {"type": "Point", "coordinates": [13.4172565, 52.5452767]}, "properties": {"id": "r1102", "name": "Teller Berlin", "typ": "Restaurant", "status": "wunschliste", "q": "top", "p": "normal", "notiz": "", "tags": "", "besucht_am": ""}}, {"type": "Feature", "geometry": {"type": "Point", "coordinates": [13.4220988, 52.4770372]}, "properties": {"id": "r1103", "name": "Terz Berlin", "typ": "Restaurant", "status": "wunschliste", "q": "unbewertet", "p": "normal", "notiz": "", "tags": "", "besucht_am": ""}}, {"type": "Feature", "geometry": {"type": "Point", "coordinates": [13.3193245, 52.486626]}, "properties": {"id": "r1104", "name": "Thai-Art", "typ": "Asia", "status": "wunschliste", "q": "top", "p": "normal", "notiz": "", "tags": "", "besucht_am": ""}}, {"type": "Feature", "geometry": {"type": "Point", "coordinates": [13.375282, 52.51032]}, "properties": {"id": "r1105", "name": "The Curtain Club", "typ": "Bar", "status": "wunschliste", "q": "top", "p": "normal", "notiz": "", "tags": "", "besucht_am": ""}}, {"type": "Feature", "geometry": {"type": "Point", "coordinates": [13.380306, 52.5057254]}, "properties": {"id": "r1106", "name": "The Gibson Bar Berlin", "typ": "Bar", "status": "wunschliste", "q": "unbewertet", "p": "ueberteuert", "notiz": "", "tags": "", "besucht_am": ""}}, {"type": "Feature", "geometry": {"type": "Point", "coordinates": [13.329289, 52.505122]}, "properties": {"id": "r1107", "name": "The Hat Bar Berlin", "typ": "Bar", "status": "wunschliste", "q": "top", "p": "normal", "notiz": "", "tags": "", "besucht_am": ""}}, {"type": "Feature", "geometry": {"type": "Point", "coordinates": [13.2994962, 52.5003376]}, "properties": {"id": "r1108", "name": "THE MEAT", "typ": "Steak/Grill", "status": "wunschliste", "q": "top", "p": "normal", "notiz": "", "tags": "", "besucht_am": ""}}, {"type": "Feature", "geometry": {"type": "Point", "coordinates": [13.3798399, 52.493]}, "properties": {"id": "r1109", "name": "The Neighborhood", "typ": "Bar", "status": "wunschliste", "q": "top", "p": "normal", "notiz": "", "tags": "", "besucht_am": ""}}, {"type": "Feature", "geometry": {"type": "Point", "coordinates": [13.3945684, 52.5289539]}, "properties": {"id": "r1110", "name": "The Sanctuary Berlin", "typ": "Frühstück", "status": "wunschliste", "q": "top", "p": "normal", "notiz": "", "tags": "", "besucht_am": ""}}, {"type": "Feature", "geometry": {"type": "Point", "coordinates": [13.3918671, 52.5080064]}, "properties": {"id": "r1111", "name": "The small garden", "typ": "Restaurant", "status": "wunschliste", "q": "top", "p": "normal", "notiz": "", "tags": "", "besucht_am": ""}}, {"type": "Feature", "geometry": {"type": "Point", "coordinates": [13.4154483, 52.5275076]}, "properties": {"id": "r1112", "name": "The Store Kitchen", "typ": "Restaurant", "status": "wunschliste", "q": "unbewertet", "p": "normal", "notiz": "", "tags": "", "besucht_am": ""}}, {"type": "Feature", "geometry": {"type": "Point", "coordinates": [13.3980739, 52.5337744]}, "properties": {"id": "r1113", "name": "The Tree", "typ": "Asia", "status": "wunschliste", "q": "top", "p": "normal", "notiz": "", "tags": "", "besucht_am": ""}}, {"type": "Feature", "geometry": {"type": "Point", "coordinates": [13.354985, 52.505515]}, "properties": {"id": "r1114", "name": "The Unique Bar Berlin", "typ": "Bar", "status": "wunschliste", "q": "unbewertet", "p": "normal", "notiz": "", "tags": "", "besucht_am": ""}}, {"type": "Feature", "geometry": {"type": "Point", "coordinates": [13.3435574, 52.5452751]}, "properties": {"id": "r1115", "name": "Theke", "typ": "Restaurant", "status": "wunschliste", "q": "gut", "p": "guenstig", "notiz": "", "tags": "", "besucht_am": ""}}, {"type": "Feature", "geometry": {"type": "Point", "coordinates": [13.4310397, 52.4877813]}, "properties": {"id": "r1116", "name": "Thelonious Bar", "typ": "Kneipe", "status": "wunschliste", "q": "unbewertet", "p": "normal", "notiz": "", "tags": "", "besucht_am": ""}}, {"type": "Feature", "geometry": {"type": "Point", "coordinates": [13.324253, 52.494875]}, "properties": {"id": "r1117", "name": "Tian Fu", "typ": "Asia", "status": "wunschliste", "q": "unbewertet", "p": "normal", "notiz": "", "tags": "", "besucht_am": ""}}, {"type": "Feature", "geometry": {"type": "Point", "coordinates": [13.3369085, 52.5151928]}, "properties": {"id": "r1118", "name": "Tiergartenquelle", "typ": "Kneipe", "status": "wunschliste", "q": "unbewertet", "p": "normal", "notiz": "", "tags": "", "besucht_am": ""}}, {"type": "Feature", "geometry": {"type": "Point", "coordinates": [13.3758424, 52.5366932]}, "properties": {"id": "r1119", "name": "tigertörtchen - Berlin Cupcakes", "typ": "Café", "status": "wunschliste", "q": "top", "p": "normal", "notiz": "", "tags": "", "besucht_am": ""}}, {"type": "Feature", "geometry": {"type": "Point", "coordinates": [13.4588493, 52.5091245]}, "properties": {"id": "r1120", "name": "Timber Doodle", "typ": "Bar", "status": "wunschliste", "q": "top", "p": "normal", "notiz": "", "tags": "", "besucht_am": ""}}, {"type": "Feature", "geometry": {"type": "Point", "coordinates": [13.4511603, 52.5185954]}, "properties": {"id": "r1121", "name": "Tinys Pizza", "typ": "Pizza", "status": "wunschliste", "q": "top", "p": "normal", "notiz": "", "tags": "", "besucht_am": ""}}, {"type": "Feature", "geometry": {"type": "Point", "coordinates": [13.4323866, 52.4801495]}, "properties": {"id": "r1122", "name": "TISK Speisekneipe", "typ": "Restaurant", "status": "wunschliste", "q": "unbewertet", "p": "normal", "notiz": "", "tags": "", "besucht_am": ""}}, {"type": "Feature", "geometry": {"type": "Point", "coordinates": [13.4663898, 52.5082634]}, "properties": {"id": "r1123", "name": "Tortilleria Mexa Berlin", "typ": "Restaurant", "status": "wunschliste", "q": "unbewertet", "p": "normal", "notiz": "", "tags": "", "besucht_am": ""}}, {"type": "Feature", "geometry": {"type": "Point", "coordinates": [13.339766, 52.475435]}, "properties": {"id": "r1124", "name": "Trattoria Del Corso", "typ": "Restaurant", "status": "wunschliste", "q": "unbewertet", "p": "normal", "notiz": "", "tags": "", "besucht_am": ""}}, {"type": "Feature", "geometry": {"type": "Point", "coordinates": [13.3188854, 52.4982681]}, "properties": {"id": "r1125", "name": "Trattoria Freni e Frizioni", "typ": "Restaurant", "status": "wunschliste", "q": "unbewertet", "p": "normal", "notiz": "", "tags": "", "besucht_am": ""}}, {"type": "Feature", "geometry": {"type": "Point", "coordinates": [13.4530549, 52.5029062]}, "properties": {"id": "r1126", "name": "Trattoria paparazzi", "typ": "Pizza", "status": "wunschliste", "q": "unbewertet", "p": "normal", "notiz": "", "tags": "", "besucht_am": ""}}, {"type": "Feature", "geometry": {"type": "Point", "coordinates": [13.3440157, 52.498803]}, "properties": {"id": "r1127", "name": "Trattoria á Muntagnola", "typ": "Restaurant", "status": "wunschliste", "q": "unbewertet", "p": "normal", "notiz": "", "tags": "", "besucht_am": ""}}, {"type": "Feature", "geometry": {"type": "Point", "coordinates": [13.4184896, 52.4942452]}, "properties": {"id": "r1128", "name": "Tribeca Ice Cream Kreuzberg", "typ": "Eis", "status": "wunschliste", "q": "top", "p": "normal", "notiz": "", "tags": "", "besucht_am": ""}}, {"type": "Feature", "geometry": {"type": "Point", "coordinates": [13.4148781, 52.5267899]}, "properties": {"id": "r1129", "name": "Trio", "typ": "Restaurant", "status": "wunschliste", "q": "top", "p": "normal", "notiz": "", "tags": "", "besucht_am": ""}}, {"type": "Feature", "geometry": {"type": "Point", "coordinates": [13.4286967, 52.4899734]}, "properties": {"id": "r1130", "name": "Truffle Pig Bar", "typ": "Bar", "status": "wunschliste", "q": "top", "p": "normal", "notiz": "", "tags": "", "besucht_am": ""}}, {"type": "Feature", "geometry": {"type": "Point", "coordinates": [13.4674563, 52.5073642]}, "properties": {"id": "r1131", "name": "Tucker Brunch Bar", "typ": "Frühstück", "status": "wunschliste", "q": "top", "p": "normal", "notiz": "", "tags": "", "besucht_am": ""}}, {"type": "Feature", "geometry": {"type": "Point", "coordinates": [13.4048412, 52.488942]}, "properties": {"id": "r1132", "name": "Two Trick Pony", "typ": "Frühstück", "status": "wunschliste", "q": "top", "p": "normal", "notiz": "", "tags": "", "besucht_am": ""}}, {"type": "Feature", "geometry": {"type": "Point", "coordinates": [13.3098315, 52.5063202]}, "properties": {"id": "r1133", "name": "Udagawa", "typ": "Asia", "status": "wunschliste", "q": "unbewertet", "p": "normal", "notiz": "", "tags": "", "besucht_am": ""}}, {"type": "Feature", "geometry": {"type": "Point", "coordinates": [13.3175568, 52.5080949]}, "properties": {"id": "r1134", "name": "UNION JACK The Whisky Pub", "typ": "Kneipe", "status": "wunschliste", "q": "top", "p": "normal", "notiz": "", "tags": "", "besucht_am": ""}}, {"type": "Feature", "geometry": {"type": "Point", "coordinates": [13.4162567, 52.5422268]}, "properties": {"id": "r1135", "name": "Ushido", "typ": "Asia", "status": "wunschliste", "q": "top", "p": "normal", "notiz": "", "tags": "", "besucht_am": ""}}, {"type": "Feature", "geometry": {"type": "Point", "coordinates": [13.3548347, 52.5419292]}, "properties": {"id": "r1136", "name": "UUU", "typ": "Restaurant", "status": "wunschliste", "q": "unbewertet", "p": "ueberteuert", "notiz": "", "tags": "", "besucht_am": ""}}, {"type": "Feature", "geometry": {"type": "Point", "coordinates": [13.3863539, 52.4915099]}, "properties": {"id": "r1137", "name": "vanille & marille", "typ": "Eis", "status": "wunschliste", "q": "top", "p": "normal", "notiz": "", "tags": "", "besucht_am": ""}}, {"type": "Feature", "geometry": {"type": "Point", "coordinates": [13.4670084, 52.5054571]}, "properties": {"id": "r1138", "name": "Velicious Cafe", "typ": "Café", "status": "wunschliste", "q": "unbewertet", "p": "normal", "notiz": "", "tags": "", "besucht_am": ""}}, {"type": "Feature", "geometry": {"type": "Point", "coordinates": [13.43857, 52.47897]}, "properties": {"id": "r1139", "name": "Velvet", "typ": "Bar", "status": "wunschliste", "q": "top", "p": "normal", "notiz": "", "tags": "", "besucht_am": ""}}, {"type": "Feature", "geometry": {"type": "Point", "coordinates": [13.305274, 52.499379]}, "properties": {"id": "r1140", "name": "Vesper Bar", "typ": "Bar", "status": "wunschliste", "q": "unbewertet", "p": "normal", "notiz": "", "tags": "", "besucht_am": ""}}, {"type": "Feature", "geometry": {"type": "Point", "coordinates": [13.3859509, 52.5215549]}, "properties": {"id": "r1141", "name": "Vincent Piano Bar", "typ": "Biergarten", "status": "wunschliste", "q": "unbewertet", "p": "normal", "notiz": "", "tags": "", "besucht_am": ""}}, {"type": "Feature", "geometry": {"type": "Point", "coordinates": [13.372837, 52.508263]}, "properties": {"id": "r1142", "name": "Vox Restaurant", "typ": "Restaurant", "status": "wunschliste", "q": "unbewertet", "p": "ueberteuert", "notiz": "", "tags": "", "besucht_am": ""}}, {"type": "Feature", "geometry": {"type": "Point", "coordinates": [13.4395553, 52.4868623]}, "properties": {"id": "r1143", "name": "W Pizza", "typ": "Pizza", "status": "wunschliste", "q": "unbewertet", "p": "normal", "notiz": "", "tags": "", "besucht_am": ""}}, {"type": "Feature", "geometry": {"type": "Point", "coordinates": [13.3834317, 52.5304844]}, "properties": {"id": "r1144", "name": "W Pizza Mitte", "typ": "Pizza", "status": "wunschliste", "q": "top", "p": "normal", "notiz": "", "tags": "", "besucht_am": ""}}, {"type": "Feature", "geometry": {"type": "Point", "coordinates": [13.4264567, 52.4951699]}, "properties": {"id": "r1145", "name": "Wanda - Veganer Brunch", "typ": "Frühstück", "status": "wunschliste", "q": "top", "p": "normal", "notiz": "", "tags": "", "besucht_am": ""}}, {"type": "Feature", "geometry": {"type": "Point", "coordinates": [13.4298614, 52.4881756]}, "properties": {"id": "r1146", "name": "Wax On Bar", "typ": "Bar", "status": "wunschliste", "q": "top", "p": "normal", "notiz": "", "tags": "", "besucht_am": ""}}, {"type": "Feature", "geometry": {"type": "Point", "coordinates": [13.3611131, 52.4812574]}, "properties": {"id": "r1147", "name": "weinverein", "typ": "Weinbar", "status": "wunschliste", "q": "top", "p": "normal", "notiz": "", "tags": "", "besucht_am": ""}}, {"type": "Feature", "geometry": {"type": "Point", "coordinates": [13.323019, 52.4974637]}, "properties": {"id": "r1148", "name": "Weyers Restaurant", "typ": "Restaurant", "status": "wunschliste", "q": "unbewertet", "p": "normal", "notiz": "", "tags": "", "besucht_am": ""}}, {"type": "Feature", "geometry": {"type": "Point", "coordinates": [13.3223149, 52.502983]}, "properties": {"id": "r1149", "name": "What do you fancy love?", "typ": "Frühstück", "status": "wunschliste", "q": "unbewertet", "p": "normal", "notiz": "", "tags": "", "besucht_am": ""}}, {"type": "Feature", "geometry": {"type": "Point", "coordinates": [13.2971648, 52.5070032]}, "properties": {"id": "r1150", "name": "Wilmina Brot", "typ": "Frühstück", "status": "wunschliste", "q": "top", "p": "normal", "notiz": "", "tags": "", "besucht_am": ""}}, {"type": "Feature", "geometry": {"type": "Point", "coordinates": [13.2996419, 52.5062189]}, "properties": {"id": "r1151", "name": "Windburger", "typ": "Burger", "status": "wunschliste", "q": "top", "p": "normal", "notiz": "", "tags": "", "besucht_am": ""}}, {"type": "Feature", "geometry": {"type": "Point", "coordinates": [13.3173041, 52.506534]}, "properties": {"id": "r1152", "name": "Wirtshaus Wuppke", "typ": "Kneipe", "status": "wunschliste", "q": "unbewertet", "p": "normal", "notiz": "", "tags": "", "besucht_am": ""}}, {"type": "Feature", "geometry": {"type": "Point", "coordinates": [13.4330931, 52.4848586]}, "properties": {"id": "r1153", "name": "Yasmin Alsham", "typ": "Imbiss", "status": "wunschliste", "q": "unbewertet", "p": "normal", "notiz": "", "tags": "", "besucht_am": ""}}, {"type": "Feature", "geometry": {"type": "Point", "coordinates": [13.4581611, 52.5097788]}, "properties": {"id": "r1154", "name": "Yume- Japanese Cafe & Diner", "typ": "Asia", "status": "wunschliste", "q": "top", "p": "normal", "notiz": "", "tags": "", "besucht_am": ""}}, {"type": "Feature", "geometry": {"type": "Point", "coordinates": [13.4159156, 52.5341272]}, "properties": {"id": "r1155", "name": "Zacharias . kaffeebar", "typ": "Café", "status": "wunschliste", "q": "top", "p": "normal", "notiz": "", "tags": "", "besucht_am": ""}}, {"type": "Feature", "geometry": {"type": "Point", "coordinates": [13.4150153, 52.5558722]}, "properties": {"id": "r1156", "name": "Zollhaus Pankow", "typ": "Pizza", "status": "wunschliste", "q": "top", "p": "normal", "notiz": "", "tags": "", "besucht_am": ""}}, {"type": "Feature", "geometry": {"type": "Point", "coordinates": [13.3594017, 52.4900096]}, "properties": {"id": "r1157", "name": "Zoulou-Bar", "typ": "Bar", "status": "wunschliste", "q": "unbewertet", "p": "normal", "notiz": "", "tags": "", "besucht_am": ""}}, {"type": "Feature", "geometry": {"type": "Point", "coordinates": [13.3204219, 52.4972417]}, "properties": {"id": "r1158", "name": "ZUKA Dessertkultur", "typ": "Café", "status": "wunschliste", "q": "top", "p": "normal", "notiz": "", "tags": "", "besucht_am": ""}}, {"type": "Feature", "geometry": {"type": "Point", "coordinates": [13.4178043, 52.5375334]}, "properties": {"id": "r1159", "name": "Zula Hummus Café", "typ": "Restaurant", "status": "wunschliste", "q": "unbewertet", "p": "normal", "notiz": "", "tags": "", "besucht_am": ""}}, {"type": "Feature", "geometry": {"type": "Point", "coordinates": [13.4368175, 52.4991204]}, "properties": {"id": "r1160", "name": "Zum Heiligen Teufel - Cucina Italiana", "typ": "Restaurant", "status": "wunschliste", "q": "unbewertet", "p": "normal", "notiz": "", "tags": "", "besucht_am": ""}}, {"type": "Feature", "geometry": {"type": "Point", "coordinates": [13.3928981, 52.4915589]}, "properties": {"id": "r1161", "name": "Zyankali Bar", "typ": "Bar", "status": "wunschliste", "q": "unbewertet", "p": "normal", "notiz": "", "tags": "", "besucht_am": ""}}, {"type": "Feature", "geometry": {"type": "Point", "coordinates": [13.4380426, 52.4787403]}, "properties": {"id": "r1162", "name": "Örnek Lahmacun Grillhaus", "typ": "Imbiss", "status": "wunschliste", "q": "gut", "p": "guenstig", "notiz": "", "tags": "", "besucht_am": ""}}, {"type": "Feature", "geometry": {"type": "Point", "coordinates": [13.318305, 52.5126098]}, "properties": {"id": "r1163", "name": "Österelli", "typ": "Restaurant", "status": "wunschliste", "q": "top", "p": "normal", "notiz": "", "tags": "", "besucht_am": ""}}]}